来源范围,原始名称,克隆地址,是否已分析,分析handle
0707,@fingerprintjs/fingerprintjs,https://github.com/fingerprintjs/fingerprintjs.git,已分析,fingerprintjs
0707,chromedp,https://github.com/chromedp/chromedp.git,已分析,chromedp
0707,clipboard,https://github.com/atotto/clipboard.git,已分析,clipboard
0707,colly,https://github.com/gocolly/colly.git,已分析,colly
0707,ElaWidgetTools,https://github.com/Liniyous/ElaWidgetTools.git,已分析,ElaWidgetTools
0707,embla-carousel-react,https://github.com/davidjerleke/embla-carousel.git （子路径: packages/embla-carousel-react）,已分析,embla-carousel-react
0707,fx,https://github.com/uber-go/fx.git,已分析,fx
0707,GLES2,https://github.com/yiptool/gles2.git,已分析,gles2
0707,go-github,https://github.com/google/go-github.git,已分析,go-github
0707,go-scp,https://github.com/bramvdbogaerde/go-scp.git,已分析,go-scp
0707,go-smb2,https://github.com/hirochachacha/go-smb2.git,已分析,go-smb2
0707,go-sqlite3,https://github.com/mattn/go-sqlite3.git,已分析,go-sqlite3
0707,goob,https://github.com/ysmood/goob.git,已分析,goob
0707,gopacket,https://github.com/google/gopacket.git,已分析,gopacket
0707,grpc,https://github.com/grpc/grpc-go.git,已分析,grpc-go
0707,ivf,https://github.com/facebookresearch/faiss.git,已分析,faiss
0707,ixweb,https://github.com/machinezone/IXWebSocket.git,已分析,IXWebSocket
0707,Jupyterlab,https://github.com/jupyterlab/jupyterlab.git,已分析,jupyterlab
0707,keyboard,https://github.com/eiannone/keyboard.git,已分析,keyboard
0707,mpb,https://github.com/vbauerster/mpb.git,已分析,mpb
0707,mysql-connector-java,https://github.com/mysql/mysql-connector-j.git,已分析,mysql-connector-j
0707,nmap,https://github.com/Ullaakut/nmap.git,已分析,nmap
0707,oauth2,https://github.com/golang/oauth2.git,已分析,oauth2
0707,Octave,https://github.com/gnu-octave/octave.git,已分析,octave
0707,opengauss-jdbc,https://gitee.com/opengauss/openGauss-connector-jdbc.git,已分析,openGauss-connector-jdbc
0707,protobuf,https://github.com/protocolbuffers/protobuf-go.git,已分析,protobuf-go
0707,quarter,https://github.com/coin3d/quarter.git,已分析,quarter
0707,QZxing,https://github.com/ftylitak/qzxing.git,已分析,qzxing
0707,rod,https://github.com/go-rod/rod.git,已分析,rod
0707,SARibbon,https://github.com/czyt1988/SARibbon.git,已分析,SARibbon
0707,sqlite-jdbc,https://github.com/xerial/sqlite-jdbc.git,已分析,sqlite-jdbc
0707,stealth,https://github.com/go-rod/stealth.git,已分析,stealth
0707,termbox-go,https://github.com/nsf/termbox-go.git,已分析,termbox-go
0707,uSockets,https://github.com/uNetworking/uSockets.git,已分析,uSockets
0707,uWebSockets,https://github.com/uNetworking/uWebSockets.git,已分析,uWebSockets
0707,gosmm2,未找到公开仓库-待确认,未分析,
0712,amqp,https://github.com/celery/py-amqp.git,已分析,py-amqp
0712,asynctest,https://github.com/Martiusweb/asynctest.git,已分析,asynctest
0712,billiard,https://github.com/celery/billiard.git,已分析,billiard
0712,click-repl,https://github.com/untitaker/click-repl.git,已分析,click-repl
0712,comtypes,https://github.com/enthought/comtypes.git,已分析,comtypes
0712,conda,https://github.com/conda/conda.git,已分析,conda
0712,distro,https://github.com/python-distro/distro.git,已分析,distro
0712,drf-spectacular,https://github.com/tfranzel/drf-spectacular.git,已分析,drf-spectacular
0712,fido2,https://github.com/Yubico/python-fido2.git,已分析,python-fido2
0712,google-cloud-storage,https://github.com/googleapis/google-cloud-python.git,已分析,google-cloud-storage
0712,google-crc32c,https://github.com/googleapis/python-crc32c.git,已分析,python-crc32c
0712,hiredis,https://github.com/redis/hiredis-py.git,已分析,hiredis-py
0712,jax,https://github.com/jax-ml/jax.git,已分析,jax
0712,jaxlib,https://github.com/jax-ml/jax.git,已分析,jax
0712,julia-numpy,https://github.com/Suzhou-Tongyuan/jnumpy.git,已分析,jnumpy
0712,kombu,https://github.com/celery/kombu.git,已分析,kombu
0712,milksnake,https://github.com/getsentry/milksnake.git,已分析,milksnake
0712,opentelemetry-sdk,https://github.com/open-telemetry/opentelemetry-python.git,已分析,opentelemetry-sdk
0712,phabricator,https://github.com/disqus/python-phabricator.git,已分析,python-phabricator
0712,progressbar2,https://github.com/wolph/python-progressbar.git,已分析,python-progressbar
0712,pynput,https://github.com/moses-palmer/pynput.git,已分析,pynput
0712,pyobjc-core,https://github.com/ronaldoussoren/pyobjc.git,已分析,pyobjc-core
0712,pyobjc-framework-applicationservices,https://github.com/ronaldoussoren/pyobjc.git,已分析,pyobjc-core
0712,pyobjc-framework-cocoa,https://github.com/ronaldoussoren/pyobjc.git,已分析,pyobjc-core
0712,pyobjc-framework-coretext,https://github.com/ronaldoussoren/pyobjc.git,已分析,pyobjc-core
0712,pyobjc-framework-quartz,https://github.com/ronaldoussoren/pyobjc.git,已分析,pyobjc-core
0712,python-rapidjson,https://github.com/python-rapidjson/python-rapidjson.git,已分析,python-rapidjson
0712,pyuwsgi,https://github.com/unbit/uwsgi.git,已分析,uwsgi
0712,pywinauto,https://github.com/pywinauto/pywinauto.git,已分析,pywinauto
0712,redis-py-cluster,https://github.com/grokzen/redis-py-cluster.git,已分析,redis-py-cluster
0712,ruamel-yaml-conda,https://sourceforge.net/p/ruamel-yaml/code/ （上游 ruamel.yaml，conda 重打包）,已分析,code
0712,sentry-relay,https://github.com/getsentry/relay.git,已分析,py
0712,sentry-sdk,https://github.com/getsentry/sentry-python.git,已分析,sentry-python
0712,tf2onnx,https://github.com/onnx/tensorflow-onnx.git,已分析,tensorflow-onnx
0712,vcs-versioning,https://github.com/pypa/setuptools-scm.git,已分析,setuptools-scm
0712,vine,https://github.com/celery/vine.git,已分析,vine
0712,win-inet-pton,https://github.com/hickeroar/win_inet_pton.git,已分析,win_inet_pton
0712,win32-setctime,https://github.com/Delgan/win32-setctime.git,已分析,win32-setctime
0712,xmlsec,https://github.com/mehcode/python-xmlsec.git,已分析,python-xmlsec
0712,mindspore-hub,https://gitee.com/mindspore/hub.git,未分析,
0712,nvidia-ml-py,无公开仓库（PyPI 源码分发，主页 forums.developer.nvidia.com）,未分析(无仓),
0712,pqt-gcc,无公开仓库（PyPI 无此包，疑似内部/私有包）,未分析(无仓),
0712,symbolic,https://github.com/getsentry/symbolic.git,未分析,
0712,tjc-common,无公开仓库（PyPI 无此包，疑似内部/私有包）,未分析(无仓),
C,7-Zip,https://github.com/ip7z/7zip.git,已分析,7zip
C,a52dec,https://code.videolan.org/videolan/liba52.git,已分析,liba52
C,ACE,https://github.com/DOCGroup/ACE_TAO.git,已分析,ACE_TAO
C,ActiveMQ-CPP,https://github.com/apache/activemq-cpp.git,已分析,activemq-cpp
C,Adaptive Entropy Coding library,https://gitlab.dkrz.de/k202009/libaec.git,已分析,libaec
C,Alibaba Cloud OSS C++ SDK,https://github.com/aliyun/aliyun-oss-cpp-sdk.git,已分析,aliyun-oss-cpp-sdk
C,Alibaba MNN,https://github.com/alibaba/MNN.git,已分析,MNN
C,ANGLE,https://github.com/google/angle.git,已分析,angle
C,AOM,https://aomedia.googlesource.com/aom,已分析,aom
C,Apache Log4cxx,https://github.com/apache/logging-log4cxx.git,已分析,logging-log4cxx
C,Apache Portable Runtime (APR),https://github.com/apache/apr.git,已分析,apr
C,Apache Portable Runtime (APR) iconv,https://github.com/apache/apr-iconv.git,已分析,apr-iconv
C,Apache Portable Runtime Util,https://github.com/apache/apr-util.git,已分析,apr-util
C,Apache Portable Runtime Utils (APR-util),https://github.com/apache/apr-util.git,已分析,apr-util
C,aribcaption,https://github.com/xqq/libaribcaption.git,已分析,libaribcaption
C,avrdude,https://github.com/avrdudes/avrdude.git,已分析,avrdude
C,Basis Universal,https://github.com/BinomialLLC/basis_universal.git,已分析,basis_universal
C,bcg729,https://github.com/BelledonneCommunications/bcg729.git,已分析,bcg729
C,Blitz++,https://github.com/blitzpp/blitz.git,已分析,blitz
C,Blosc,https://github.com/Blosc/c-blosc.git,已分析,c-blosc
C,Botan,https://github.com/randombit/botan.git,已分析,botan
C,Breakpad,https://chromium.googlesource.com/breakpad/breakpad.git,已分析,breakpad
C,casablanca,https://github.com/Microsoft/cpprestsdk.git,已分析,cpprestsdk
C,Codec2,https://github.com/drowe67/codec2.git,已分析,codec2
C,Cppcheck,https://github.com/danmar/cppcheck.git,已分析,cppcheck
C,Crashpad,https://chromium.googlesource.com/crashpad/crashpad.git,已分析,crashpad
C,Cronet,https://chromium.googlesource.com/chromium/src.git（cronet为其components/cronet子目录）,已分析,cronet
C,CxImage,https://github.com/minnyres/cximage.git,已分析,cximage
C,dav1d,https://github.com/videolan/dav1d.git,已分析,dav1d
C,de265,https://github.com/strukturag/libde265.git,已分析,libde265
C,DevIL,https://github.com/DentonW/DevIL.git,已分析,DevIL
C,dnssd,https://github.com/apple-oss-distributions/mDNSResponder.git,已分析,mDNSResponder
C,E57,https://github.com/asmaloney/libE57Format.git,已分析,libE57Format
C,Eclipse Paho,https://github.com/eclipse/paho.mqtt.c.git,已分析,paho.mqtt.c
C,elfutils,https://sourceware.org/git/elfutils.git,已分析,elfutils
C,eventpp,https://github.com/wqking/eventpp.git,已分析,eventpp
C,FAAC,https://github.com/knik0/faac.git,已分析,faac
C,fastText,https://github.com/facebookresearch/fastText.git,已分析,fastText
C,FBGEMM,https://github.com/pytorch/FBGEMM.git,已分析,FBGEMM
C,FDK AAC,https://github.com/mstorsjo/fdk-aac.git,已分析,fdk-aac
C,FreeImage,https://github.com/imazen/freeimage.git,已分析,freeimage
C,G'MIC,https://github.com/GreycLab/gmic.git,已分析,gmic
C,Ghostscript,https://github.com/ArtifexSoftware/ghostpdl.git,已分析,ghostpdl
C,GLEW,https://github.com/nigels-com/glew.git,已分析,glew
C,glTF,https://github.com/KhronosGroup/glTF.git,已分析,glTF
C,GNU Binutils,https://sourceware.org/git/binutils-gdb.git,已分析,binutils-gdb
C,GNU libunistring,https://git.savannah.gnu.org/git/libunistring.git,已分析,libunistring
C,GNU MPC,https://gitlab.inria.fr/mpc/mpc.git,已分析,mpc
C,GNU Readline,https://git.savannah.gnu.org/git/readline.git,已分析,readline
C,GNU Source Highlight,https://git.savannah.gnu.org/git/src-highlite.git,已分析,src-highlite
C,Google CTemplate,https://github.com/OlafvdSpek/ctemplate.git,已分析,ctemplate
C,Graphite2,https://github.com/silnrsi/graphite.git,已分析,graphite
C,Graphviz,https://gitlab.com/graphviz/graphviz.git,已分析,graphviz
C,GStreamer,https://gitlab.freedesktop.org/gstreamer/gstreamer.git,已分析,gstreamer
C,HiGHS,https://github.com/ERGO-Code/HiGHS.git,已分析,HiGHS
C,hwloc,https://github.com/open-mpi/hwloc.git,已分析,hwloc
C,id3lib,https://github.com/irwir/id3lib.git,已分析,id3lib
C,IfcOpenShell,https://github.com/IfcOpenShell/IfcOpenShell.git,已分析,IfcOpenShell
C,Imath,https://github.com/AcademySoftwareFoundation/Imath.git,已分析,Imath
C,iniparser,https://github.com/ndevilla/iniparser.git,已分析,iniparser
C,isl,https://repo.or.cz/isl.git,已分析,isl
C,jemalloc,https://github.com/jemalloc/jemalloc.git,已分析,jemalloc
C,KSyntaxHighlighting,https://github.com/KDE/syntax-highlighting.git,已分析,syntax-highlighting
C,KTX,https://github.com/KhronosGroup/KTX-Software.git,已分析,KTX-Software
C,LERC,https://github.com/Esri/lerc.git,已分析,lerc
C,libasync++,https://github.com/Amanieu/asyncplusplus.git,已分析,asyncplusplus
C,libbluray,https://code.videolan.org/videolan/libbluray.git,已分析,libbluray
C,libbsd,https://gitlab.freedesktop.org/libbsd/libbsd.git,已分析,libbsd
C,libcbor,https://github.com/PJK/libcbor.git,已分析,libcbor
C,libconfig,https://github.com/hyperrealm/libconfig.git,已分析,libconfig
C,libdwarf,https://github.com/davea42/libdwarf-code.git,已分析,libdwarf-code
C,libepub,https://github.com/radiosity/libepub.git,已分析,libepub
C,libetpan,https://github.com/dinhvh/libetpan.git,已分析,libetpan
C,libfido2,https://github.com/Yubico/libfido2.git,已分析,libfido2
C,libgeotiff-1.7.4,https://github.com/OSGeo/libgeotiff.git,已分析,libgeotiff
C,libgsm,https://github.com/timothytylee/libgsm.git,已分析,libgsm
C,libidn2,https://gitlab.com/libidn/libidn2.git,已分析,libidn2
C,libimagequant,https://github.com/ImageOptim/libimagequant.git,已分析,libimagequant
C,libmongoc,https://github.com/mongodb/mongo-c-driver.git,已分析,mongo-c-driver
C,libmpeg2,https://code.videolan.org/videolan/libmpeg2.git,已分析,libmpeg2
C,libmtp,https://github.com/libmtp/libmtp.git,已分析,libmtp
C,libnlopt,https://github.com/stevengj/nlopt.git,已分析,nlopt
C,libplist,https://github.com/libimobiledevice/libplist.git,已分析,libplist
C,libpsl,https://github.com/rockdaboot/libpsl.git,已分析,libpsl
C,LibRaw,https://github.com/LibRaw/LibRaw.git,已分析,LibRaw
C,libserialport,https://github.com/sigrokproject/libserialport.git,已分析,libserialport
C,libsixel,https://github.com/saitoha/libsixel.git,已分析,libsixel
C,libsodium,https://github.com/jedisct1/libsodium.git,已分析,libsodium
C,libsoup,https://gitlab.gnome.org/GNOME/libsoup.git,已分析,libsoup
C,libtheora,https://github.com/xiph/theora.git,已分析,theora
C,libunwind,https://github.com/libunwind/libunwind.git,已分析,libunwind
C,libusb,https://github.com/libusb/libusb.git,已分析,libusb
C,libva,https://github.com/intel/libva.git,已分析,libva
C,libxcrypt,https://github.com/besser82/libxcrypt.git,已分析,libxcrypt
C,libxmp,https://github.com/libxmp/libxmp.git,已分析,libxmp
C,litehtml,https://github.com/litehtml/litehtml.git,已分析,litehtml
C,LiteSpeed QUIC,https://github.com/litespeedtech/lsquic.git,已分析,lsquic
C,Luabind,https://github.com/luabind/luabind.git,已分析,luabind
C,lwrb,https://github.com/MaJerle/lwrb.git,已分析,lwrb
C,LZ4,https://github.com/lz4/lz4.git,已分析,lz4
C,LZMA SDK,https://github.com/jljusten/LZMA-SDK.git,已分析,LZMA-SDK
C,MariaDB Connector/C,https://github.com/mariadb-corporation/mariadb-connector-c.git,已分析,mariadb-connector-c
C,MaterialX,https://github.com/AcademySoftwareFoundation/MaterialX.git,已分析,MaterialX
C,MediaInfo,https://github.com/MediaArea/MediaInfo.git,已分析,MediaInfo
C,MIT Kerberos,https://github.com/krb5/krb5.git,已分析,krb5
C,mklittlefs,https://github.com/igrr/mklittlefs.git,已分析,mklittlefs
C,mkspiffs,https://github.com/igrr/mkspiffs.git,已分析,mkspiffs
C,MongoDB BSON Library,https://github.com/mongodb/mongo-c-driver.git,已分析,mongo-c-driver
C,mp4v2,https://github.com/TechSmith/mp4v2.git,已分析,mp4v2
C,mpg123,https://github.com/madebr/mpg123.git,已分析,mpg123
C,MPIR,https://github.com/wbhart/mpir.git,已分析,mpir
C,MPIR (Multiple Precision Integers and Rationals),https://github.com/wbhart/mpir.git,已分析,mpir
C,MySQL,https://github.com/mysql/mysql-server.git,已分析,server
C,MySQL Connector,https://github.com/mysql/mysql-connector-cpp.git,已分析,mysql-connector-cpp
C,ncurses,https://github.com/ThomasDickey/ncurses-snapshots.git,已分析,ncurses-snapshots
C,Nettle,https://git.lysator.liu.se/nettle/nettle.git,已分析,nettle
C,nlohmann_json,https://github.com/nlohmann/json.git,已分析,json
C,NLopt,https://github.com/stevengj/nlopt.git,已分析,nlopt
C,NSS,https://github.com/nss-dev/nss.git,已分析,nss
C,numactl,https://github.com/numactl/numactl.git,已分析,numactl
C,ODB,https://github.com/codesynthesis-com/odb.git,已分析,odb
C,Ogg,https://github.com/xiph/ogg.git,已分析,ogg
C,oneTBB,https://github.com/uxlfoundation/oneTBB.git,已分析,oneTBB
C,ONNX Runtime,https://github.com/microsoft/onnxruntime.git,已分析,onnxruntime
C,Open Asset Import Library (Assimp),https://github.com/assimp/assimp.git,已分析,assimp
C,OpenColorIO,https://github.com/AcademySoftwareFoundation/OpenColorIO.git,已分析,OpenColorIO
C,opencore-amr,https://git.code.sf.net/p/opencore-amr/code,已分析,code
C,OpenEXR,https://github.com/AcademySoftwareFoundation/openexr.git,已分析,openexr
C,OpenImageIO,https://github.com/OpenImageIO/oiio.git,已分析,oiio
C,openocd,https://github.com/openocd-org/openocd.git,已分析,openocd
C,OpenSC,https://github.com/OpenSC/OpenSC.git,已分析,OpenSC
C,OpenVDB,https://github.com/AcademySoftwareFoundation/openvdb.git,已分析,openvdb
C,OpenVR,https://github.com/ValveSoftware/openvr.git,已分析,openvr
C,ORC,https://gitlab.freedesktop.org/gstreamer/orc.git,已分析,orc
C,PCRE,https://github.com/PCRE2Project/pcre2.git,已分析,pcre2
C,Perfetto,https://github.com/google/perfetto.git,已分析,perfetto
C,POCO C++ Libraries,https://github.com/pocoproject/poco.git,已分析,poco
C,Qiniu C SDK,https://github.com/qiniu/c-sdk.git,已分析,c-sdk
C,QXlsx,https://github.com/QtExcel/QXlsx.git,已分析,QXlsx
C,RabbitMQ C Client,https://github.com/alanxz/rabbitmq-c.git,已分析,rabbitmq-c
C,rocksdb,https://github.com/facebook/rocksdb.git,已分析,rocksdb
C,RTTR,https://github.com/rttrorg/rttr.git,已分析,rttr
C,SCIP Optimization Suite,https://github.com/scipopt/scip.git,已分析,scip
C,sdl3-ttf,https://github.com/libsdl-org/SDL_ttf.git,已分析,SDL_ttf
C,SDL_image,https://github.com/libsdl-org/SDL_image.git,已分析,SDL_image
C,SDL_mixer,https://github.com/libsdl-org/SDL_mixer.git,已分析,SDL_mixer
C,SDL_ttf,https://github.com/libsdl-org/SDL_ttf.git,已分析,SDL_ttf
C,Sentry SDK,https://github.com/getsentry/sentry-native.git,已分析,sentry-native
C,shine,https://github.com/toots/shine.git,已分析,shine
C,SINTEF Spline Library (SISL),https://github.com/SINTEF-Geometry/SISL.git,已分析,SISL
C,SISL,https://github.com/SINTEF-Geometry/SISL.git,已分析,SISL
C,sqlitecipher,https://github.com/sqlcipher/sqlcipher.git,已分析,sqlcipher
C,SUNDIALS,https://github.com/LLNL/sundials.git,已分析,sundials
C,Swift corelibs-libdispatch,https://github.com/swiftlang/swift-corelibs-libdispatch.git,已分析,swift-corelibs-libdispatch
C,Swig,https://github.com/swig/swig.git,已分析,swig
C,SZ,https://github.com/szcompressor/SZ.git,已分析,SZ
C,The Silver Searcher,https://github.com/ggreer/the_silver_searcher.git,已分析,the_silver_searcher
C,tinyNET,https://github.com/DoubangoTelecom/doubango.git,已分析,doubango
C,tinySAK,https://github.com/DoubangoTelecom/doubango.git,已分析,doubango
C,TinyXML,https://github.com/leethomason/tinyxml2.git,已分析,tinyxml2
C,TNN,https://github.com/Tencent/TNN.git,已分析,TNN
C,Tongsuo,https://github.com/Tongsuo-Project/Tongsuo.git,已分析,Tongsuo
C,Tracy,https://github.com/wolfpld/tracy.git,已分析,tracy
C,TRE,https://github.com/laurikari/tre.git,已分析,tre
C,TwoLAME,https://github.com/njh/twolame.git,已分析,twolame
C,UDT,https://github.com/whtghst1/udt.git,已分析,udt
C,UnRAR,https://github.com/aawc/unrar.git,已分析,unrar
C,usbmuxd,https://github.com/libimobiledevice/usbmuxd.git,已分析,usbmuxd
C,usbredir,https://gitlab.freedesktop.org/spice/usbredir.git,已分析,usbredir
C,USD,https://github.com/PixarAnimationStudios/OpenUSD.git,已分析,OpenUSD
C,vo-amrwbenc,https://github.com/mstorsjo/vo-amrwbenc.git,已分析,vo-amrwbenc
C,Vorbis,https://github.com/xiph/vorbis.git,已分析,vorbis
C,Vulkan-Loader,https://github.com/KhronosGroup/Vulkan-Loader.git,已分析,Vulkan-Loader
C,x265,https://bitbucket.org/multicoreware/x265_git.git,已分析,x265_git
C,xDelta,https://github.com/jmacd/xdelta.git,已分析,xdelta
C,xlsxio,https://github.com/brechtsanders/xlsxio.git,已分析,xlsxio
C,xtensa-esp32-elf-gcc,https://github.com/espressif/crosstool-NG.git,已分析,crosstool-NG
C,xtensa-esp32s3-elf-gcc,https://github.com/espressif/crosstool-NG.git,已分析,crosstool-NG
C,xtensa-lx106-elf-gcc,https://github.com/espressif/crosstool-NG.git（分支 esp8266-1.22.x）,已分析,crosstool-NG
C,Zint Barcode Generator,https://github.com/zint/zint.git,已分析,zint
C,Cuba,无（仅发布tarball，无公开git仓）,未分析(无仓),
C,gcc-arm-none-eabi,无（二进制工具链发布，源自GCC）,未分析(无仓),
C,lib3ds,https://github.com/vaeth/lib3ds.git,未分析,
C,libAILib,无（未找到公开源码仓，疑为内部/私有库）,未分析(无仓),
C,liblzma-5.8.1,https://github.com/tukaani-project/xz.git,未分析,
C,MPICH,https://github.com/pmodels/mpich.git,未分析,
C,ONVIF,无（标准组织，无单一源码库）,未分析(无仓),
C,Open Design Alliance (ODA) / Teigha,无（商业闭源，无公开git仓）,未分析(无仓),
C,OpenDesign,无（商业闭源，无公开git仓）,未分析(无仓),
C,OpenNURBS,https://github.com/mcneel/opennurbs.git,未分析,
C,OpenThreads,https://github.com/openscenegraph/OpenThreads.git,未分析,
C,PLM XML,无（商业闭源，无公开git仓）,未分析(无仓),
C,WCDB,https://github.com/Tencent/wcdb.git,未分析,
C#,Alibaba Cloud Log Service,https://github.com/aliyun/aliyun-log-csharp-sdk.git,已分析,aliyun-log-csharp-sdk
C#,Alibaba Cloud OSS .NET SDK,https://github.com/aliyun/aliyun-oss-csharp-sdk.git,已分析,aliyun-oss-csharp-sdk
C#,Alibaba Cloud OSS SDK,https://github.com/aliyun/aliyun-oss-java-sdk.git,已分析,aliyun-oss-java-sdk
C#,Apache Commons IO,https://github.com/apache/commons-io.git,已分析,commons-io
C#,Apache Commons Logging,https://github.com/apache/commons-logging.git,已分析,commons-logging
C#,Apache HttpComponents Client,https://github.com/apache/httpcomponents-client.git,已分析,httpcomponents-client
C#,Apache HttpComponents Core,https://github.com/apache/httpcomponents-core.git,已分析,httpcomponents-core
C#,Autofac,https://github.com/autofac/Autofac.git,已分析,Autofac
C#,AutoMapper,https://github.com/AutoMapper/AutoMapper.git,已分析,AutoMapper
C#,Caliburn.Micro,https://github.com/Caliburn-Micro/Caliburn.Micro.git,已分析,Caliburn.Micro
C#,Castle Core,https://github.com/castleproject/Core.git,已分析,Core
C#,CommonServiceLocator,https://github.com/unitycontainer/commonservicelocator.git,已分析,commonservicelocator
C#,Cuba_jll,https://github.com/JuliaBinaryWrappers/Cuba_jll.jl.git,已分析,Cuba_jll.jl
C#,FluentFTP,https://github.com/robinrodricks/FluentFTP.git,已分析,FluentFTP
C#,FluentValidation,https://github.com/FluentValidation/FluentValidation.git,已分析,FluentValidation
C#,Generator.Equals,https://github.com/diegofrata/Generator.Equals.git,已分析,Generator.Equals
C#,Ghostscript_jll,https://github.com/JuliaBinaryWrappers/Ghostscript_jll.jl.git,已分析,Ghostscript_jll.jl
C#,HiGHS_jll,https://github.com/JuliaBinaryWrappers/HiGHS_jll.jl.git,已分析,HiGHS_jll.jl
C#,Html Agility Pack,https://github.com/zzzprojects/html-agility-pack.git,已分析,html-agility-pack
C#,HtmlAgilityPack,https://github.com/zzzprojects/html-agility-pack.git,已分析,html-agility-pack
C#,Hwloc_jll,https://github.com/JuliaBinaryWrappers/Hwloc_jll.jl.git,已分析,Hwloc_jll.jl
C#,Imath_jll,https://github.com/JuliaBinaryWrappers/Imath_jll.jl.git,已分析,Imath_jll.jl
C#,INI Parser,https://github.com/rickyah/ini-parser.git,已分析,ini-parser
C#,Jakarta XML Binding,https://github.com/eclipse-ee4j/jaxb-api.git,已分析,jaxb-api
C#,Jansi,https://github.com/fusesource/jansi.git,已分析,jansi
C#,JDOM,https://github.com/hunterhacker/jdom.git,已分析,jdom
C#,JSON-java (org.json),https://github.com/stleary/JSON-java.git,已分析,JSON-java
C#,Json.NET,https://github.com/JamesNK/Newtonsoft.Json.git,已分析,Newtonsoft.Json
C#,JUnit 4,https://github.com/junit-team/junit4.git,已分析,junit4
C#,LERC_jll,https://github.com/JuliaBinaryWrappers/LERC_jll.jl.git,已分析,LERC_jll.jl
C#,libserialport_jll,https://github.com/JuliaBinaryWrappers/libserialport_jll.jl.git,已分析,libserialport_jll.jl
C#,libsixel_jll,https://github.com/JuliaBinaryWrappers/libsixel_jll.jl.git,已分析,libsixel_jll.jl
C#,log4net,https://github.com/apache/logging-log4net.git,已分析,logging-log4net
C#,Lz4_jll,https://github.com/JuliaBinaryWrappers/Lz4_jll.jl.git,已分析,Lz4_jll.jl
C#,Makaretu.Dns,https://github.com/richardschneider/net-mdns.git,已分析,net-mdns
C#,Microsoft.Data.SqlClient,https://github.com/dotnet/SqlClient.git,已分析,SqlClient
C#,MPICH_jll,https://github.com/JuliaBinaryWrappers/MPICH_jll.jl.git,已分析,MPICH_jll.jl
C#,MQTTnet,https://github.com/dotnet/MQTTnet.git,已分析,MQTTnet
C#,NDesk.Options,https://github.com/Latency/NDesk.Options.Core.git,已分析,NDesk.Options.Core
C#,NLopt_jll,https://github.com/JuliaBinaryWrappers/NLopt_jll.jl.git,已分析,NLopt_jll.jl
C#,NLua,https://github.com/NLua/NLua.git,已分析,NLua
C#,oneTBB_jll,https://github.com/JuliaBinaryWrappers/oneTBB_jll.jl.git,已分析,oneTBB_jll.jl
C#,OpenEXR_jll,https://github.com/JuliaBinaryWrappers/OpenEXR_jll.jl.git,已分析,OpenEXR_jll.jl
C#,OxyPlot,https://github.com/oxyplot/oxyplot.git,已分析,oxyplot
C#,PropertyChanged.Fody,https://github.com/Fody/PropertyChanged.git,已分析,PropertyChanged
C#,RestSharp,https://github.com/restsharp/RestSharp.git,已分析,RestSharp
C#,rustc-demangle,https://github.com/rust-lang/rustc-demangle.git,已分析,rustc-demangle
C#,Serilog,https://github.com/serilog/serilog.git,已分析,serilog
C#,SharpZipLib,https://github.com/icsharpcode/SharpZipLib.git,已分析,SharpZipLib
C#,SimpleBase,https://github.com/ssg/SimpleBase.git,已分析,SimpleBase
C#,Sundials_jll,https://github.com/JuliaBinaryWrappers/Sundials_jll.jl.git,已分析,Sundials_jll.jl
C#,System.Net.IPNetwork,https://github.com/lduchosal/ipnetwork.git,已分析,ipnetwork
C#,WebSocket4Net,https://github.com/kerryjiang/WebSocket4Net.git,已分析,WebSocket4Net
C#,ZRX,https://github.com/zensical/zrx.git,已分析,zrx
C#,.NET Compiler Platform (Roslyn),https://github.com/dotnet/roslyn.git,未分析,
C#,Azure SDK for .NET,https://github.com/Azure/azure-sdk-for-net.git,未分析,
C#,Bouncy Castle,https://github.com/bcgit/bc-csharp.git,未分析,
C#,JTattoo,https://github.com/vincenzopalazzo/JTattoo.git,未分析,
C#,Reactive Extensions,https://github.com/dotnet/reactive.git,未分析,
C#,Sentry SDK for .NET,https://github.com/getsentry/sentry-dotnet.git,未分析,
C#,sharpcompress,https://github.com/adamhathcock/sharpcompress.git,未分析,
C#,SharpVectors,https://github.com/ElinamLLC/SharpVectors.git,未分析,
C#,SSH.NET,https://github.com/sshnet/SSH.NET.git,未分析,
C#,System.Data.SQLite,https://github.com/haf/System.Data.SQLite.git,未分析,
C#,Unicode CLDR,https://github.com/unicode-org/cldr.git,未分析,
C#,Windows Community Toolkit,https://github.com/CommunityToolkit/WindowsCommunityToolkit.git,未分析,
C#,XML Commons (xml-apis),https://github.com/apache/xerces2-j.git,未分析,
nodejs,@babel/core,https://github.com/babel/babel/tree/HEAD/packages/babel-core,已分析,Core
nodejs,@blueprintjs/core,https://github.com/palantir/blueprint/tree/HEAD/packages/core,已分析,Core
nodejs,@byted-icube/webcomponents,,已分析,fluentui
nodejs,@floating-ui/core,https://github.com/floating-ui/floating-ui/tree/HEAD/packages/core,已分析,Core
nodejs,@floating-ui\core,https://github.com/floating-ui/floating-ui/tree/HEAD/packages/core,已分析,Core
nodejs,@fluentui/react,https://github.com/microsoft/fluentui,已分析,fluentui
nodejs,@fullcalendar/core,https://github.com/fullcalendar/fullcalendar/tree/HEAD/packages/core,已分析,Core
nodejs,@inversifyjs\core,https://github.com/inversify/monorepo,已分析,Core
nodejs,@jimp\core,https://github.com/jimp-dev/jimp,已分析,Core
nodejs,@journeyapps\sqlcipher,https://github.com/journeyapps/node-sqlcipher,已分析,node-sqlcipher
nodejs,@ksxz/ffi-napi,,已分析,node-ffi-napi
nodejs,@ksxz/ref-napi,,已分析,ref-napi
nodejs,@ksxz\core,,已分析,Core
nodejs,@ksxz\ffi-napi,,已分析,node-ffi-napi
nodejs,@ksxz\ref-napi,,已分析,ref-napi
nodejs,@napi_screenshot/napi_screenshot,https://github.com/wxc421/napi_screenshot,已分析,napi_screenshot
nodejs,@nut-tree\libnut,https://nutjs.dev,已分析,libnut-core
nodejs,@opentelemetry/core,https://github.com/open-telemetry/opentelemetry-js,已分析,Core
nodejs,@opentelemetry\core,https://github.com/open-telemetry/opentelemetry-js,已分析,Core
nodejs,@petamoriken\float16,https://github.com/petamoriken/float16,已分析,number-float16-ctor
nodejs,@popperjs/core,https://github.com/popperjs/popper-core,已分析,Core
nodejs,@popperjs\core,https://github.com/popperjs/popper-core,已分析,Core
nodejs,@sentry/core,https://github.com/getsentry/sentry-javascript,已分析,Core
nodejs,@sentry/react,https://github.com/getsentry/sentry-javascript,已分析,fluentui
nodejs,@sentry\core,https://github.com/getsentry/sentry-javascript,已分析,Core
nodejs,@stdlib/complex-float32,https://github.com/stdlib-js/complex-float32,已分析,complex-float32
nodejs,@stdlib/complex-float64,https://github.com/stdlib-js/complex-float64,已分析,complex-float64
nodejs,@stdlib/complex-reim,https://github.com/stdlib-js/complex-reim,已分析,complex-reim
nodejs,@stdlib/complex-reimf,https://github.com/stdlib-js/complex-reimf,已分析,complex-reimf
nodejs,@stdlib/math-base-assert-is-integer,https://github.com/stdlib-js/math-base-assert-is-integer,已分析,math-base-assert-is-integer
nodejs,@stdlib/math-base-assert-is-nan,https://github.com/stdlib-js/math-base-assert-is-nan,已分析,math-base-assert-is-nan
nodejs,@stdlib/math-base-assert-is-negative-zero,https://github.com/stdlib-js/math-base-assert-is-negative-zero,已分析,math-base-assert-is-negative-zero
nodejs,@stdlib/math-base-napi-unary,https://github.com/stdlib-js/math-base-napi-unary,已分析,math-base-napi-unary
nodejs,@stdlib/math-base-special-abs,https://github.com/stdlib-js/math-base-special-abs,已分析,math-base-special-abs
nodejs,@stdlib/math-base-special-ceil,https://github.com/stdlib-js/math-base-special-ceil,已分析,math-base-special-ceil
nodejs,@stdlib/math-base-special-floor,https://github.com/stdlib-js/math-base-special-floor,已分析,math-base-special-floor
nodejs,@stdlib/number-float64-base-to-words,https://github.com/stdlib-js/number-float64-base-to-words,已分析,number-float64-base-to-words
nodejs,@tootallnate\quickjs-emscripten,https://github.com/justjake/quickjs-emscripten,已分析,quickjs-emscripten
nodejs,@types/debug,https://github.com/DefinitelyTyped/DefinitelyTyped/tree/HEAD/types/debug,已分析,debug
nodejs,@types/ffi-napi,https://github.com/DefinitelyTyped/DefinitelyTyped/tree/HEAD/types/ffi-napi,已分析,node-ffi-napi
nodejs,@types/long,,已分析,long.js
nodejs,@types/mysql,https://github.com/DefinitelyTyped/DefinitelyTyped/tree/HEAD/types/mysql,已分析,server
nodejs,@types\debug,https://github.com/DefinitelyTyped/DefinitelyTyped/tree/HEAD/types/debug,已分析,debug
nodejs,@types\mysql,https://github.com/DefinitelyTyped/DefinitelyTyped/tree/HEAD/types/mysql,已分析,server
nodejs,@vscode/tree-sitter-wasm,https://github.com/Microsoft/vscode-tree-sitter-wasm,已分析,vscode-tree-sitter-wasm
nodejs,@vueuse/core,https://github.com/vueuse/vueuse/tree/HEAD/packages/core,已分析,Core
nodejs,@vueuse\core,https://github.com/vueuse/vueuse/tree/HEAD/packages/core,已分析,Core
nodejs,@wdio/config,https://github.com/webdriverio/webdriverio/tree/HEAD/packages/wdio-config,已分析,libconfig
nodejs,@zhkt/ffi,,已分析,node-ffi-napi
nodejs,@zhkt/ffi-napi,,已分析,node-ffi-napi
nodejs,@zhkt/ref-napi,,已分析,ref-napi
nodejs,@zhkt/sqlite3,,已分析,node-sqlcipher
nodejs,abstract-socket,https://github.com/saghul/node-abstractsocket,已分析,node-abstractsocket
nodejs,ant-design-vue,https://github.com/vueComponent/ant-design-vue,已分析,ant-design-vue
nodejs,async,https://github.com/caolan/async,已分析,asyncplusplus
nodejs,better-sqlite3,https://github.com/WiseLibs/better-sqlite3,已分析,better-sqlite3
nodejs,builtin-modules,https://github.com/sindresorhus/builtin-modules,已分析,builtin-modules
nodejs,cjs-module-lexer,https://github.com/nodejs/cjs-module-lexer,已分析,cjs-module-lexer
nodejs,colorthief,https://github.com/lokesh/color-thief,已分析,color-thief
nodejs,debug,https://github.com/debug-js/debug,已分析,debug
nodejs,dom-to-image,https://github.com/tsayen/dom-to-image,已分析,dom-to-image
nodejs,dtrace-provider,https://github.com/chrisa/node-dtrace-provider,已分析,node-dtrace-provider
nodejs,execa,https://github.com/sindresorhus/execa,已分析,execa
nodejs,extract-zip,https://github.com/maxogden/extract-zip,已分析,extract-zip
nodejs,fs-minipass,https://github.com/npm/fs-minipass,已分析,fs-minipass
nodejs,fsevents,https://github.com/fsevents/fsevents,已分析,fsevents
nodejs,geotiff,https://github.com/geotiffjs/geotiff.js,已分析,geotiff.js
nodejs,history,https://github.com/remix-run/history,已分析,readline
nodejs,iohook,https://github.com/wilix-team/iohook,已分析,iohook
nodejs,loader-utils,https://github.com/webpack/loader-utils,已分析,loader-utils
nodejs,long,https://github.com/dcodeIO/long.js,已分析,long.js
nodejs,lzma-native,https://github.com/addaleax/lzma-native,已分析,lzma-native
nodejs,minizip-asm.js,https://github.com/rf00/minizip-asm.js,已分析,minizip-asm.js
nodejs,napi-build-utils,https://github.com/inspiredware/napi-build-utils,已分析,napi-build-utils
nodejs,native-machine-id,https://github.com/mongodb-js/devtools-shared,已分析,devtools-shared
nodejs,natives,https://github.com/addaleax/natives,已分析,natives
nodejs,network-interface,https://github.com/electron-modules/network-interface,已分析,network-interface
nodejs,node-addon-api,https://github.com/nodejs/node-addon-api,已分析,node-addon-api
nodejs,node-gyp,https://github.com/nodejs/node-gyp,已分析,node-gyp
nodejs,node-pty-prebuilt-multiarch,https://github.com/oznu/node-pty-prebuilt-multiarch,已分析,node-pty-prebuilt-multiarch
nodejs,plist,https://github.com/TooTallNate/plist.js,已分析,libplist
nodejs,react,https://github.com/facebook/react/tree/HEAD/packages/react,已分析,fluentui
nodejs,readable-stream,https://github.com/nodejs/readable-stream,已分析,readable-stream
nodejs,readline,https://github.com/maleck13/readline,已分析,readline
nodejs,rebuild,https://github.com/nzakas/rebuild,已分析,rebuild
nodejs,ref-napi,https://github.com/node-ffi-napi/ref-napi,已分析,ref-napi
nodejs,safer-buffer,https://github.com/ChALkeR/safer-buffer,已分析,safer-buffer
nodejs,source-map,https://github.com/mozilla/source-map,已分析,source-map
nodejs,threads,https://github.com/andywer/threads.js,已分析,threads.js
nodejs,tmp,https://github.com/raszi/node-tmp,已分析,node-tmp
nodejs,undici,https://github.com/nodejs/undici,已分析,undici
nodejs,utf-8-validate,https://github.com/websockets/utf-8-validate,已分析,utf-8-validate
nodejs,uuid,https://github.com/uuidjs/uuid,已分析,node-uuid
nodejs,vm2,https://github.com/patriksimek/vm2,已分析,vm2
nodejs,wasm-feature-detect,https://github.com/GoogleChromeLabs/wasm-feature-detect,已分析,wasm-feature-detect
nodejs,webpack,https://github.com/webpack/webpack,已分析,webpack
nodejs,windows-verify-trust,https://github.com/electron-modules/windows-verify-trust,已分析,windows-verify-trust
nodejs,zstddec,https://github.com/donmccurdy/zstddec,已分析,zstddec
nodejs,1to2,https://github.com/nodejs/nan,未分析,
nodejs,7zip-bin,https://github.com/develar/7zip-bin,未分析,
nodejs,@account\kso-cpp-addon,,未分析(无仓),
nodejs,@aha-kit/net,,未分析(无仓),
nodejs,@ali/electron-screenshots,,未分析(无仓),
nodejs,@ali/itrace-base,,未分析(无仓),
nodejs,@ali/itrace-node,,未分析(无仓),
nodejs,@ali/itrace-node-jserror,,未分析(无仓),
nodejs,@ali/itrace-node-resource,,未分析(无仓),
nodejs,@ali/itrace-types,,未分析(无仓),
nodejs,@ali/trace-core,,未分析(无仓),
nodejs,@ali/trace-log-map,,未分析(无仓),
nodejs,@ali/trace-util,,未分析(无仓),
nodejs,@ampproject/remapping,https://github.com/ampproject/remapping,未分析,
nodejs,@angular/animations,https://github.com/angular/angular/tree/HEAD/packages/animations,未分析,
nodejs,@angular/cdk,https://github.com/angular/components,未分析,
nodejs,@angular/cdk-experimental,https://github.com/angular/components,未分析,
nodejs,@angular/forms,https://github.com/angular/angular/tree/HEAD/packages/forms,未分析,
nodejs,@ant-design/colors,https://github.com/ant-design/ant-design-colors,未分析,
nodejs,@ant-design/cssinjs,https://github.com/ant-design/cssinjs,未分析,
nodejs,@ant-design/cssinjs-utils,https://github.com/ant-design/cssinjs-util,未分析,
nodejs,@ant-design/fast-color,https://github.com/ant-design/fast-color,未分析,
nodejs,@ant-design/icons,https://github.com/ant-design/ant-design-icons/tree/master,未分析,
nodejs,@ant-design/icons-svg,https://github.com/ant-design/ant-design-icons,未分析,
nodejs,@ant-design/react-slick,https://github.com/ant-design/react-slick,未分析,
nodejs,@ant-design\colors,https://github.com/ant-design/ant-design-colors,未分析,
nodejs,@ant-design\icons,https://github.com/ant-design/ant-design-icons/tree/master,未分析,
nodejs,@ant-design\icons-svg,https://github.com/ant-design/ant-design-icons,未分析,
nodejs,@app/remote-desktop,,未分析(无仓),
nodejs,@babel/code-frame,https://github.com/babel/babel/tree/HEAD/packages/babel-code-frame,未分析,
nodejs,@babel/compat-data,https://github.com/babel/babel/tree/HEAD/packages/babel-compat-data,未分析,
nodejs,@babel/generator,https://github.com/babel/babel/tree/HEAD/packages/babel-generator,未分析,
nodejs,@babel/helper-annotate-as-pure,https://github.com/babel/babel/tree/HEAD/packages/babel-helper-annotate-as-pure,未分析,
nodejs,@babel/helper-builder-binary-assignment-operator-visitor,https://github.com/babel/babel/tree/HEAD/packages/babel-helper-builder-binary-assignment-operator-visitor,未分析,
nodejs,@babel/helper-compilation-targets,https://github.com/babel/babel/tree/HEAD/packages/babel-helper-compilation-targets,未分析,
nodejs,@babel/helper-create-class-features-plugin,https://github.com/babel/babel/tree/HEAD/packages/babel-helper-create-class-features-plugin,未分析,
nodejs,@babel/helper-create-regexp-features-plugin,https://github.com/babel/babel/tree/HEAD/packages/babel-helper-create-regexp-features-plugin,未分析,
nodejs,@babel/helper-define-polyfill-provider,https://github.com/babel/babel-polyfills/tree/HEAD/packages/babel-helper-define-polyfill-provider,未分析,
nodejs,@babel/helper-environment-visitor,https://github.com/babel/babel/tree/HEAD/packages/babel-helper-environment-visitor,未分析,
nodejs,@babel/helper-explode-assignable-expression,https://github.com/babel/babel/tree/HEAD/packages/babel-helper-explode-assignable-expression,未分析,
nodejs,@babel/helper-function-name,https://github.com/babel/babel/tree/HEAD/packages/babel-helper-function-name,未分析,
nodejs,@babel/helper-globals,https://github.com/babel/babel/tree/HEAD/packages/babel-helper-globals,未分析,
nodejs,@babel/helper-hoist-variables,https://github.com/babel/babel/tree/HEAD/packages/babel-helper-hoist-variables,未分析,
nodejs,@babel/helper-member-expression-to-functions,https://github.com/babel/babel/tree/HEAD/packages/babel-helper-member-expression-to-functions,未分析,
nodejs,@babel/helper-module-imports,https://github.com/babel/babel/tree/HEAD/packages/babel-helper-module-imports,未分析,
nodejs,@babel/helper-module-transforms,https://github.com/babel/babel/tree/HEAD/packages/babel-helper-module-transforms,未分析,
nodejs,@babel/helper-optimise-call-expression,https://github.com/babel/babel/tree/HEAD/packages/babel-helper-optimise-call-expression,未分析,
nodejs,@babel/helper-plugin-utils,https://github.com/babel/babel/tree/HEAD/packages/babel-helper-plugin-utils,未分析,
nodejs,@babel/helper-remap-async-to-generator,https://github.com/babel/babel/tree/HEAD/packages/babel-helper-remap-async-to-generator,未分析,
nodejs,@babel/helper-replace-supers,https://github.com/babel/babel/tree/HEAD/packages/babel-helper-replace-supers,未分析,
nodejs,@babel/helper-simple-access,https://github.com/babel/babel/tree/HEAD/packages/babel-helper-simple-access,未分析,
nodejs,@babel/helper-skip-transparent-expression-wrappers,https://github.com/babel/babel/tree/HEAD/packages/babel-helper-skip-transparent-expression-wrappers,未分析,
nodejs,@babel/helper-split-export-declaration,https://github.com/babel/babel/tree/HEAD/packages/babel-helper-split-export-declaration,未分析,
nodejs,@babel/helper-string-parser,https://github.com/babel/babel/tree/HEAD/packages/babel-helper-string-parser,未分析,
nodejs,@babel/helper-validator-identifier,https://github.com/babel/babel/tree/HEAD/packages/babel-helper-validator-identifier,未分析,
nodejs,@babel/helper-validator-option,https://github.com/babel/babel/tree/HEAD/packages/babel-helper-validator-option,未分析,
nodejs,@babel/helper-wrap-function,https://github.com/babel/babel/tree/HEAD/packages/babel-helper-wrap-function,未分析,
nodejs,@babel/helpers,https://github.com/babel/babel/tree/HEAD/packages/babel-helpers,未分析,
nodejs,@babel/highlight,https://github.com/babel/babel/tree/HEAD/packages/babel-highlight,未分析,
nodejs,@babel/parser,https://github.com/babel/babel/tree/HEAD/packages/babel-parser,未分析,
nodejs,@babel/plugin-bugfix-safari-id-destructuring-collision-in-function-expression,https://github.com/babel/babel/tree/HEAD/packages/babel-plugin-bugfix-safari-id-destructuring-collision-in-function-expression,未分析,
nodejs,@babel/plugin-bugfix-v8-spread-parameters-in-optional-chaining,https://github.com/babel/babel/tree/HEAD/packages/babel-plugin-bugfix-v8-spread-parameters-in-optional-chaining,未分析,
nodejs,@babel/plugin-proposal-async-generator-functions,https://github.com/babel/babel/tree/HEAD/packages/babel-plugin-proposal-async-generator-functions,未分析,
nodejs,@babel/plugin-proposal-class-properties,https://github.com/babel/babel/tree/HEAD/packages/babel-plugin-proposal-class-properties,未分析,
nodejs,@babel/plugin-proposal-class-static-block,https://github.com/babel/babel/tree/HEAD/packages/babel-plugin-proposal-class-static-block,未分析,
nodejs,@babel/plugin-proposal-dynamic-import,https://github.com/babel/babel/tree/HEAD/packages/babel-plugin-proposal-dynamic-import,未分析,
nodejs,@babel/plugin-proposal-export-namespace-from,https://github.com/babel/babel/tree/HEAD/packages/babel-plugin-proposal-export-namespace-from,未分析,
nodejs,@babel/plugin-proposal-function-sent,https://github.com/babel/babel/tree/HEAD/packages/babel-plugin-proposal-function-sent,未分析,
nodejs,@babel/plugin-proposal-json-strings,https://github.com/babel/babel/tree/HEAD/packages/babel-plugin-proposal-json-strings,未分析,
nodejs,@babel/plugin-proposal-logical-assignment-operators,https://github.com/babel/babel/tree/HEAD/packages/babel-plugin-proposal-logical-assignment-operators,未分析,
nodejs,@babel/plugin-proposal-nullish-coalescing-operator,https://github.com/babel/babel/tree/HEAD/packages/babel-plugin-proposal-nullish-coalescing-operator,未分析,
nodejs,@babel/plugin-proposal-numeric-separator,https://github.com/babel/babel/tree/HEAD/packages/babel-plugin-proposal-numeric-separator,未分析,
nodejs,@babel/plugin-proposal-object-rest-spread,https://github.com/babel/babel/tree/HEAD/packages/babel-plugin-proposal-object-rest-spread,未分析,
nodejs,@babel/plugin-proposal-optional-catch-binding,https://github.com/babel/babel/tree/HEAD/packages/babel-plugin-proposal-optional-catch-binding,未分析,
nodejs,@babel/plugin-proposal-optional-chaining,https://github.com/babel/babel/tree/HEAD/packages/babel-plugin-proposal-optional-chaining,未分析,
nodejs,@babel/plugin-proposal-private-methods,https://github.com/babel/babel/tree/HEAD/packages/babel-plugin-proposal-private-methods,未分析,
nodejs,@babel/plugin-proposal-private-property-in-object,https://github.com/babel/babel/tree/HEAD/packages/babel-plugin-proposal-private-property-in-object,未分析,
nodejs,@babel/plugin-proposal-unicode-property-regex,https://github.com/babel/babel/tree/HEAD/packages/babel-plugin-proposal-unicode-property-regex,未分析,
nodejs,@babel/plugin-syntax-async-generators,https://github.com/babel/babel/tree/master,未分析,
nodejs,@babel/plugin-syntax-class-properties,https://github.com/babel/babel/tree/HEAD/packages/babel-plugin-syntax-class-properties,未分析,
nodejs,@babel/plugin-syntax-class-static-block,https://github.com/babel/babel/tree/HEAD/packages/babel-plugin-syntax-class-static-block,未分析,
nodejs,@babel/plugin-syntax-dynamic-import,https://github.com/babel/babel/tree/master,未分析,
nodejs,@babel/plugin-syntax-export-namespace-from,https://github.com/babel/babel/tree/master,未分析,
nodejs,@babel/plugin-syntax-import-assertions,https://github.com/babel/babel/tree/HEAD/packages/babel-plugin-syntax-import-assertions,未分析,
nodejs,@babel/plugin-syntax-json-strings,https://github.com/babel/babel/tree/master,未分析,
nodejs,@babel/plugin-syntax-jsx,https://github.com/babel/babel/tree/HEAD/packages/babel-plugin-syntax-jsx,未分析,
nodejs,@babel/plugin-syntax-logical-assignment-operators,https://github.com/babel/babel/tree/HEAD/packages/babel-plugin-syntax-logical-assignment-operators,未分析,
nodejs,@babel/plugin-syntax-nullish-coalescing-operator,https://github.com/babel/babel/tree/master,未分析,
nodejs,@babel/plugin-syntax-numeric-separator,https://github.com/babel/babel/tree/HEAD/packages/babel-plugin-syntax-numeric-separator,未分析,
nodejs,@babel/plugin-syntax-object-rest-spread,https://github.com/babel/babel/tree/master,未分析,
nodejs,@babel/plugin-syntax-optional-catch-binding,https://github.com/babel/babel/tree/master,未分析,
nodejs,@babel/plugin-syntax-optional-chaining,https://github.com/babel/babel/tree/master,未分析,
nodejs,@babel/plugin-syntax-private-property-in-object,https://github.com/babel/babel/tree/HEAD/packages/babel-plugin-syntax-private-property-in-object,未分析,
nodejs,@babel/plugin-syntax-top-level-await,https://github.com/babel/babel/tree/HEAD/packages/babel-plugin-syntax-top-level-await,未分析,
nodejs,@babel/plugin-syntax-typescript,https://github.com/babel/babel/tree/HEAD/packages/babel-plugin-syntax-typescript,未分析,
nodejs,@babel/plugin-transform-arrow-functions,https://github.com/babel/babel/tree/HEAD/packages/babel-plugin-transform-arrow-functions,未分析,
nodejs,@babel/plugin-transform-async-to-generator,https://github.com/babel/babel/tree/HEAD/packages/babel-plugin-transform-async-to-generator,未分析,
nodejs,@babel/plugin-transform-block-scoped-functions,https://github.com/babel/babel/tree/HEAD/packages/babel-plugin-transform-block-scoped-functions,未分析,
nodejs,@babel/plugin-transform-block-scoping,https://github.com/babel/babel/tree/HEAD/packages/babel-plugin-transform-block-scoping,未分析,
nodejs,@babel/plugin-transform-classes,https://github.com/babel/babel/tree/HEAD/packages/babel-plugin-transform-classes,未分析,
nodejs,@babel/plugin-transform-computed-properties,https://github.com/babel/babel/tree/HEAD/packages/babel-plugin-transform-computed-properties,未分析,
nodejs,@babel/plugin-transform-destructuring,https://github.com/babel/babel/tree/HEAD/packages/babel-plugin-transform-destructuring,未分析,
nodejs,@babel/plugin-transform-dotall-regex,https://github.com/babel/babel/tree/HEAD/packages/babel-plugin-transform-dotall-regex,未分析,
nodejs,@babel/plugin-transform-duplicate-keys,https://github.com/babel/babel/tree/HEAD/packages/babel-plugin-transform-duplicate-keys,未分析,
nodejs,@babel/plugin-transform-exponentiation-operator,https://github.com/babel/babel/tree/HEAD/packages/babel-plugin-transform-exponentiation-operator,未分析,
nodejs,@babel/plugin-transform-for-of,https://github.com/babel/babel/tree/HEAD/packages/babel-plugin-transform-for-of,未分析,
nodejs,@babel/plugin-transform-function-name,https://github.com/babel/babel/tree/HEAD/packages/babel-plugin-transform-function-name,未分析,
nodejs,@babel/plugin-transform-literals,https://github.com/babel/babel/tree/HEAD/packages/babel-plugin-transform-literals,未分析,
nodejs,@babel/plugin-transform-member-expression-literals,https://github.com/babel/babel/tree/HEAD/packages/babel-plugin-transform-member-expression-literals,未分析,
nodejs,@babel/plugin-transform-modules-amd,https://github.com/babel/babel/tree/HEAD/packages/babel-plugin-transform-modules-amd,未分析,
nodejs,@babel/plugin-transform-modules-commonjs,https://github.com/babel/babel/tree/HEAD/packages/babel-plugin-transform-modules-commonjs,未分析,
nodejs,@babel/plugin-transform-modules-systemjs,https://github.com/babel/babel/tree/HEAD/packages/babel-plugin-transform-modules-systemjs,未分析,
nodejs,@babel/plugin-transform-modules-umd,https://github.com/babel/babel/tree/HEAD/packages/babel-plugin-transform-modules-umd,未分析,
nodejs,@babel/plugin-transform-named-capturing-groups-regex,https://github.com/babel/babel/tree/HEAD/packages/babel-plugin-transform-named-capturing-groups-regex,未分析,
nodejs,@babel/plugin-transform-new-target,https://github.com/babel/babel/tree/HEAD/packages/babel-plugin-transform-new-target,未分析,
nodejs,@babel/plugin-transform-object-super,https://github.com/babel/babel/tree/HEAD/packages/babel-plugin-transform-object-super,未分析,
nodejs,@babel/plugin-transform-parameters,https://github.com/babel/babel/tree/HEAD/packages/babel-plugin-transform-parameters,未分析,
nodejs,@babel/plugin-transform-property-literals,https://github.com/babel/babel/tree/HEAD/packages/babel-plugin-transform-property-literals,未分析,
nodejs,@babel/plugin-transform-regenerator,https://github.com/babel/babel/tree/HEAD/packages/babel-plugin-transform-regenerator,未分析,
nodejs,@babel/plugin-transform-reserved-words,https://github.com/babel/babel/tree/HEAD/packages/babel-plugin-transform-reserved-words,未分析,
nodejs,@babel/plugin-transform-shorthand-properties,https://github.com/babel/babel/tree/HEAD/packages/babel-plugin-transform-shorthand-properties,未分析,
nodejs,@babel/plugin-transform-spread,https://github.com/babel/babel/tree/HEAD/packages/babel-plugin-transform-spread,未分析,
nodejs,@babel/plugin-transform-sticky-regex,https://github.com/babel/babel/tree/HEAD/packages/babel-plugin-transform-sticky-regex,未分析,
nodejs,@babel/plugin-transform-template-literals,https://github.com/babel/babel/tree/HEAD/packages/babel-plugin-transform-template-literals,未分析,
nodejs,@babel/plugin-transform-typeof-symbol,https://github.com/babel/babel/tree/HEAD/packages/babel-plugin-transform-typeof-symbol,未分析,
nodejs,@babel/plugin-transform-typescript,https://github.com/babel/babel/tree/HEAD/packages/babel-plugin-transform-typescript,未分析,
nodejs,@babel/plugin-transform-unicode-escapes,https://github.com/babel/babel/tree/HEAD/packages/babel-plugin-transform-unicode-escapes,未分析,
nodejs,@babel/plugin-transform-unicode-regex,https://github.com/babel/babel/tree/HEAD/packages/babel-plugin-transform-unicode-regex,未分析,
nodejs,@babel/polyfill,https://github.com/babel/babel/tree/HEAD/packages/babel-polyfill,未分析,
nodejs,@babel/preset-env,https://github.com/babel/babel/tree/HEAD/packages/babel-preset-env,未分析,
nodejs,@babel/preset-modules,https://github.com/babel/preset-modules,未分析,
nodejs,@babel/preset-typescript,https://github.com/babel/babel/tree/HEAD/packages/babel-preset-typescript,未分析,
nodejs,@babel/regjsgen,https://github.com/bnjmnt4n/regjsgen,未分析,
nodejs,@babel/runtime,https://github.com/babel/babel/tree/HEAD/packages/babel-runtime,未分析,
nodejs,@babel/template,https://github.com/babel/babel/tree/HEAD/packages/babel-template,未分析,
nodejs,@babel/traverse,https://github.com/babel/babel/tree/HEAD/packages/babel-traverse,未分析,
nodejs,@babel/types,https://github.com/babel/babel/tree/HEAD/packages/babel-types,未分析,
nodejs,@babel\code-frame,https://github.com/babel/babel/tree/HEAD/packages/babel-code-frame,未分析,
nodejs,@babel\generator,https://github.com/babel/babel/tree/HEAD/packages/babel-generator,未分析,
nodejs,@babel\helper-annotate-as-pure,https://github.com/babel/babel/tree/HEAD/packages/babel-helper-annotate-as-pure,未分析,
nodejs,@babel\helper-create-class-features-plugin,https://github.com/babel/babel/tree/HEAD/packages/babel-helper-create-class-features-plugin,未分析,
nodejs,@babel\helper-environment-visitor,https://github.com/babel/babel/tree/HEAD/packages/babel-helper-environment-visitor,未分析,
nodejs,@babel\helper-function-name,https://github.com/babel/babel/tree/HEAD/packages/babel-helper-function-name,未分析,
nodejs,@babel\helper-get-function-arity,https://github.com/babel/babel/tree/HEAD/packages/babel-helper-get-function-arity,未分析,
nodejs,@babel\helper-hoist-variables,https://github.com/babel/babel/tree/HEAD/packages/babel-helper-hoist-variables,未分析,
nodejs,@babel\helper-member-expression-to-functions,https://github.com/babel/babel/tree/HEAD/packages/babel-helper-member-expression-to-functions,未分析,
nodejs,@babel\helper-optimise-call-expression,https://github.com/babel/babel/tree/HEAD/packages/babel-helper-optimise-call-expression,未分析,
nodejs,@babel\helper-plugin-utils,https://github.com/babel/babel/tree/HEAD/packages/babel-helper-plugin-utils,未分析,
nodejs,@babel\helper-replace-supers,https://github.com/babel/babel/tree/HEAD/packages/babel-helper-replace-supers,未分析,
nodejs,@babel\helper-split-export-declaration,https://github.com/babel/babel/tree/HEAD/packages/babel-helper-split-export-declaration,未分析,
nodejs,@babel\helper-string-parser,https://github.com/babel/babel/tree/HEAD/packages/babel-helper-string-parser,未分析,
nodejs,@babel\helper-validator-identifier,https://github.com/babel/babel/tree/HEAD/packages/babel-helper-validator-identifier,未分析,
nodejs,@babel\highlight,https://github.com/babel/babel/tree/HEAD/packages/babel-highlight,未分析,
nodejs,@babel\parser,https://github.com/babel/babel/tree/HEAD/packages/babel-parser,未分析,
nodejs,@babel\plugin-proposal-class-properties,https://github.com/babel/babel/tree/HEAD/packages/babel-plugin-proposal-class-properties,未分析,
nodejs,@babel\runtime,https://github.com/babel/babel/tree/HEAD/packages/babel-runtime,未分析,
nodejs,@babel\template,https://github.com/babel/babel/tree/HEAD/packages/babel-template,未分析,
nodejs,@babel\traverse,https://github.com/babel/babel/tree/HEAD/packages/babel-traverse,未分析,
nodejs,@babel\types,https://github.com/babel/babel/tree/HEAD/packages/babel-types,未分析,
nodejs,@baidu/antifraud-xaf3,,未分析(无仓),
nodejs,@baidu/boxx,,未分析(无仓),
nodejs,@baidu/boxx-fe,,未分析(无仓),
nodejs,@baidu/chat-dexie,,未分析(无仓),
nodejs,@baidu/im,,未分析(无仓),
nodejs,@baidu/im-jssdk,,未分析(无仓),
nodejs,@baidu/lcp,,未分析(无仓),
nodejs,@baidu/paris,,未分析(无仓),
nodejs,@baidu/ubc-report-sdk,,未分析(无仓),
nodejs,@baidu/xbox,,未分析(无仓),
nodejs,@blueprintjs/select,https://github.com/palantir/blueprint/tree/HEAD/packages/select,未分析,
nodejs,@byted-fe/fd,,未分析(无仓),
nodejs,@byted-growth/byted-passport-util,,未分析(无仓),
nodejs,@byted-icube/adsv,,未分析(无仓),
nodejs,@byted-icube/ai-modules-chat,,未分析(无仓),
nodejs,@byted-icube/bundled-deps,,未分析(无仓),
nodejs,@byted-icube/desktop-modules,,未分析(无仓),
nodejs,@byted-icube/download,,未分析(无仓),
nodejs,@byted-icube/env,,未分析(无仓),
nodejs,@byted-icube/manager-sdk,,未分析(无仓),
nodejs,@byted-icube/slardar,,未分析(无仓),
nodejs,@byted-icube/tea,,未分析(无仓),
nodejs,@byted-nodex/logger-core,,未分析(无仓),
nodejs,@byted-nodex/metrics,,未分析(无仓),
nodejs,@byted-nodex/metrics-codec,,未分析(无仓),
nodejs,@byted-service/bytedtrace,,未分析(无仓),
nodejs,@byted-service/consul,,未分析(无仓),
nodejs,@byted-service/env,,未分析(无仓),
nodejs,@byted-service/fnv,,未分析(无仓),
nodejs,@byted-service/logagent,,未分析(无仓),
nodejs,@byted-service/logger,,未分析(无仓),
nodejs,@byted-service/metrics,,未分析(无仓),
nodejs,@byted-service/netpool,,未分析(无仓),
nodejs,@byted-service/singleflight,,未分析(无仓),
nodejs,@byted-service/tcc-general,,未分析(无仓),
nodejs,@byted-service/tos,,未分析(无仓),
nodejs,@byted/byte-cast-sdk,,未分析(无仓),
nodejs,@byted/frontier-web-sdk,,未分析(无仓),
nodejs,@byted/modelcontextprotocol-sdk,,未分析(无仓),
nodejs,@byteview/live-page,,未分析(无仓),
nodejs,@byteview/videomm,,未分析(无仓),
nodejs,@c4312/evt,https://github.com/connor4312/evt,未分析,
nodejs,@canvas/image-data,https://github.com/node-gfx/image-data,未分析,
nodejs,@ckpack/vue-color,https://github.com/ckpack/vue-color,未分析,
nodejs,@cloud/suit-log,,未分析(无仓),
nodejs,@cloud/suit-util,,未分析(无仓),
nodejs,@cloudplatform\grs,,未分析(无仓),
nodejs,@colors/colors,https://github.com/DABH/colors.js,未分析,
nodejs,@colors\colors,https://github.com/DABH/colors.js,未分析,
nodejs,@cspotcode\source-map-support,https://github.com/cspotcode/node-source-map-support,未分析,
nodejs,@ctrl/tinycolor,https://github.com/scttcper/tinycolor,未分析,
nodejs,@ctrl\tinycolor,https://github.com/scttcper/tinycolor,未分析,
nodejs,@dabh/diagnostics,https://github.com/DABH/diagnostics,未分析,
nodejs,@dabh\diagnostics,https://github.com/DABH/diagnostics,未分析,
nodejs,@ecom/guide,,未分析(无仓),
nodejs,@ecp/drawers,,未分析(无仓),
nodejs,@eggjs/yauzl,https://github.com/node-modules/yauzl,未分析,
nodejs,@electron-toolkit/preload,https://github.com/alex8088/electron-toolkit/tree/HEAD/packages/preload,未分析,
nodejs,@electron-toolkit/utils,https://github.com/alex8088/electron-toolkit/tree/HEAD/packages/utils,未分析,
nodejs,@electron-toolkit\preload,https://github.com/alex8088/electron-toolkit/tree/HEAD/packages/preload,未分析,
nodejs,@electron-toolkit\utils,https://github.com/alex8088/electron-toolkit/tree/HEAD/packages/utils,未分析,
nodejs,@electron/get,https://github.com/electron/get,未分析,
nodejs,@electron/notarize,https://github.com/electron/notarize,未分析,
nodejs,@electron/remote,https://github.com/electron/remote,未分析,
nodejs,@electron\remote,https://github.com/electron/remote,未分析,
nodejs,@element-plus/icons-vue,https://github.com/element-plus/element-plus-icons/tree/HEAD/packages/vue,未分析,
nodejs,@element-plus\icons-vue,https://github.com/element-plus/element-plus-icons/tree/HEAD/packages/vue,未分析,
nodejs,@emotion/hash,https://github.com/emotion-js/emotion/tree/main,未分析,
nodejs,@emotion/unitless,https://github.com/emotion-js/emotion/tree/main,未分析,
nodejs,@enonic/fnv-plus,https://github.com/tjwebb/fnv-plus,未分析,
nodejs,@fenbi/electron-carp,,未分析(无仓),
nodejs,@fenbi/electron-diagnosis,,未分析(无仓),
nodejs,@fenbi/electron-download,,未分析(无仓),
nodejs,@fenbi/electron-extension,,未分析(无仓),
nodejs,@fenbi/electron-extension-common,,未分析(无仓),
nodejs,@fenbi/tutor-crc64-addon,,未分析(无仓),
nodejs,@ffprobe-installer/darwin-arm64,https://formulae.brew.sh/formula/ffmpeg,未分析,
nodejs,@ffprobe-installer/darwin-x64,https://evermeet.cx/ffmpeg/,未分析,
nodejs,@ffprobe-installer/linux-arm,https://www.johnvansickle.com/ffmpeg/,未分析,
nodejs,@ffprobe-installer/linux-arm64,https://www.johnvansickle.com/ffmpeg/,未分析,
nodejs,@ffprobe-installer/linux-ia32,https://www.johnvansickle.com/ffmpeg/,未分析,
nodejs,@ffprobe-installer/linux-x64,https://www.johnvansickle.com/ffmpeg/,未分析,
nodejs,@ffprobe-installer/win32-x64,https://www.gyan.dev/ffmpeg/builds/,未分析,
nodejs,@fimbul/bifrost,https://github.com/fimbullinter/wotan/tree/HEAD/packages/bifrost,未分析,
nodejs,@fimbul/ymir,https://github.com/fimbullinter/wotan/tree/HEAD/packages/ymir,未分析,
nodejs,@floating-ui/dom,https://github.com/floating-ui/floating-ui/tree/HEAD/packages/dom,未分析,
nodejs,@floating-ui/utils,https://github.com/floating-ui/floating-ui/tree/HEAD/packages/utils,未分析,
nodejs,@floating-ui\dom,https://github.com/floating-ui/floating-ui/tree/HEAD/packages/dom,未分析,
nodejs,@floating-ui\react-dom,https://github.com/floating-ui/floating-ui/tree/HEAD/packages/react-dom,未分析,
nodejs,@floating-ui\utils,https://github.com/floating-ui/floating-ui/tree/HEAD/packages/utils,未分析,
nodejs,@fly-voter/import-fly-voter-asar,,未分析(无仓),
nodejs,@formatjs/intl-displaynames,https://github.com/formatjs/formatjs,未分析,
nodejs,@formatjs/intl-listformat,https://github.com/formatjs/formatjs,未分析,
nodejs,@formatjs/intl-relativetimeformat,https://github.com/formatjs/formatjs,未分析,
nodejs,@formatjs/intl-unified-numberformat,https://github.com/formatjs/formatjs,未分析,
nodejs,@formatjs/intl-utils,https://github.com/formatjs/formatjs,未分析,
nodejs,@fullcalendar/daygrid,https://github.com/fullcalendar/fullcalendar/tree/HEAD/packages/daygrid,未分析,
nodejs,@fullcalendar/interaction,https://github.com/fullcalendar/fullcalendar/tree/HEAD/packages/interaction,未分析,
nodejs,@fullcalendar/timegrid,https://github.com/fullcalendar/fullcalendar/tree/HEAD/packages/timegrid,未分析,
nodejs,@fullcalendar/vue3,https://github.com/fullcalendar/fullcalendar-vue,未分析,
nodejs,@gar/promisify,https://github.com/wraithgar/gar-promisify,未分析,
nodejs,@grpc/grpc-js,https://github.com/grpc/grpc-node/tree/master,未分析,
nodejs,@grpc/proto-loader,https://github.com/grpc/grpc-node,未分析,
nodejs,@iarna/toml,https://github.com/iarna/iarna-toml,未分析,
nodejs,@iarna\rtf-to-html,https://github.com/iarna/rtf-to-html,未分析,
nodejs,@imengyu\vue-scroll-rect,https://github.com/imengyu/vue-scroll-rect,未分析,
nodejs,@imengyu\vue3-context-menu,https://github.com/imengyu/vue3-context-menu,未分析,
nodejs,@intlify/core-base,https://github.com/intlify/vue-i18n/tree/HEAD/packages/core,未分析,
nodejs,@intlify/message-compiler,https://github.com/intlify/vue-i18n/tree/HEAD/packages/message-compiler,未分析,
nodejs,@intlify/shared,https://github.com/intlify/vue-i18n/tree/HEAD/packages/shared,未分析,
nodejs,@inversifyjs\common,https://github.com/inversify/monorepo,未分析,
nodejs,@inversifyjs\reflect-metadata-utils,https://github.com/inversify/monorepo,未分析,
nodejs,@isaacs/balanced-match,https://github.com/isaacs/balanced-match,未分析,
nodejs,@isaacs/brace-expansion,,未分析(无仓),
nodejs,@isaacs/cliui,https://github.com/isaacs/cliui,未分析,
nodejs,@isaacs\cliui,https://github.com/isaacs/cliui,未分析,
nodejs,@jimp\bmp,https://github.com/jimp-dev/jimp,未分析,
nodejs,@jimp\custom,https://github.com/jimp-dev/jimp,未分析,
nodejs,@jimp\gif,https://github.com/jimp-dev/jimp,未分析,
nodejs,@jimp\jpeg,https://github.com/jimp-dev/jimp,未分析,
nodejs,@jimp\plugin-blit,https://github.com/jimp-dev/jimp,未分析,
nodejs,@jimp\plugin-blur,https://github.com/jimp-dev/jimp,未分析,
nodejs,@jimp\plugin-circle,https://github.com/jimp-dev/jimp,未分析,
nodejs,@jimp\plugin-color,https://github.com/jimp-dev/jimp,未分析,
nodejs,@jimp\plugin-contain,https://github.com/jimp-dev/jimp,未分析,
nodejs,@jimp\plugin-cover,https://github.com/jimp-dev/jimp,未分析,
nodejs,@jimp\plugin-crop,https://github.com/jimp-dev/jimp,未分析,
nodejs,@jimp\plugin-displace,https://github.com/jimp-dev/jimp,未分析,
nodejs,@jimp\plugin-dither,https://github.com/jimp-dev/jimp,未分析,
nodejs,@jimp\plugin-fisheye,https://github.com/jimp-dev/jimp,未分析,
nodejs,@jimp\plugin-flip,https://github.com/jimp-dev/jimp,未分析,
nodejs,@jimp\plugin-gaussian,https://github.com/jimp-dev/jimp,未分析,
nodejs,@jimp\plugin-invert,https://github.com/jimp-dev/jimp,未分析,
nodejs,@jimp\plugin-mask,https://github.com/jimp-dev/jimp,未分析,
nodejs,@jimp\plugin-normalize,https://github.com/jimp-dev/jimp,未分析,
nodejs,@jimp\plugin-print,https://github.com/jimp-dev/jimp,未分析,
nodejs,@jimp\plugin-resize,https://github.com/jimp-dev/jimp,未分析,
nodejs,@jimp\plugin-rotate,https://github.com/jimp-dev/jimp,未分析,
nodejs,@jimp\plugin-scale,https://github.com/jimp-dev/jimp,未分析,
nodejs,@jimp\plugin-shadow,https://github.com/jimp-dev/jimp,未分析,
nodejs,@jimp\plugin-threshold,https://github.com/jimp-dev/jimp,未分析,
nodejs,@jimp\plugins,https://github.com/jimp-dev/jimp,未分析,
nodejs,@jimp\png,https://github.com/jimp-dev/jimp,未分析,
nodejs,@jimp\tiff,https://github.com/jimp-dev/jimp,未分析,
nodejs,@jimp\types,https://github.com/jimp-dev/jimp,未分析,
nodejs,@jimp\utils,https://github.com/jimp-dev/jimp,未分析,
nodejs,@jridgewell/gen-mapping,https://github.com/jridgewell/sourcemaps/tree/HEAD/packages/gen-mapping,未分析,
nodejs,@jridgewell/resolve-uri,https://github.com/jridgewell/resolve-uri,未分析,
nodejs,@jridgewell/set-array,https://github.com/jridgewell/set-array,未分析,
nodejs,@jridgewell/sourcemap-codec,https://github.com/jridgewell/sourcemaps/tree/HEAD/packages/sourcemap-codec,未分析,
nodejs,@jridgewell/trace-mapping,https://github.com/jridgewell/sourcemaps/tree/HEAD/packages/trace-mapping,未分析,
nodejs,@jridgewell\gen-mapping,https://github.com/jridgewell/sourcemaps/tree/HEAD/packages/gen-mapping,未分析,
nodejs,@jridgewell\resolve-uri,https://github.com/jridgewell/resolve-uri,未分析,
nodejs,@jridgewell\sourcemap-codec,https://github.com/jridgewell/sourcemaps/tree/HEAD/packages/sourcemap-codec,未分析,
nodejs,@jridgewell\trace-mapping,https://github.com/jridgewell/sourcemaps/tree/HEAD/packages/trace-mapping,未分析,
nodejs,@juggle/resize-observer,https://github.com/juggle/resize-observer,未分析,
nodejs,@jupyter-widgets/base,https://github.com/jupyter-widgets/ipywidgets,未分析,
nodejs,@jupyter-widgets/controls,https://github.com/jupyter-widgets/ipywidgets,未分析,
nodejs,@jupyter-widgets/jupyterlab-manager,https://github.com/jupyter-widgets/ipywidgets,未分析,
nodejs,@jupyter-widgets/output,https://github.com/jupyter-widgets/ipywidgets,未分析,
nodejs,@jupyter-widgets/schema,https://github.com/jupyter-widgets/ipywidgets,未分析,
nodejs,@jupyterlab/coreutils,https://github.com/jupyterlab/jupyterlab,未分析,
nodejs,@jupyterlab/nbformat,https://github.com/jupyterlab/jupyterlab,未分析,
nodejs,@jupyterlab/services,https://github.com/jupyterlab/jupyterlab,未分析,
nodejs,@kdocs\offline,,未分析(无仓),
nodejs,@kmt/agora-electron-compile,,未分析(无仓),
nodejs,@kmt/napi,,未分析(无仓),
nodejs,@kmt\constant,,未分析(无仓),
nodejs,@kmt\desktop,,未分析(无仓),
nodejs,@kmt\electron-store,,未分析(无仓),
nodejs,@kmt\kit,,未分析(无仓),
nodejs,@kmt\logger,,未分析(无仓),
nodejs,@kmt\napi,,未分析(无仓),
nodejs,@kmt\renderer-store,,未分析(无仓),
nodejs,@kmt\service-plugin,,未分析(无仓),
nodejs,@kmt\ua,,未分析(无仓),
nodejs,@ksxz/better-sqlite3-multiple-ciphers,,未分析(无仓),
nodejs,@ksxz/clipboard-files,,未分析(无仓),
nodejs,@ksxz/electron-mac-permissions,,未分析(无仓),
nodejs,@ksxz/mac-screen-capture-permissions,,未分析(无仓),
nodejs,@ksxz/memory-optimizer,,未分析(无仓),
nodejs,@ksxz/node-xlog,,未分析(无仓),
nodejs,@ksxz/slsdk,,未分析(无仓),
nodejs,@ksxz/wns-addon,,未分析(无仓),
nodejs,@ksxz\api-client,,未分析(无仓),
nodejs,@ksxz\app-file-manager,,未分析(无仓),
nodejs,@ksxz\axios,,未分析(无仓),
nodejs,@ksxz\axios-plugins,,未分析(无仓),
nodejs,@ksxz\better-sqlite3-multiple-ciphers,,未分析(无仓),
nodejs,@ksxz\clipboard-files,,未分析(无仓),
nodejs,@ksxz\emitter,,未分析(无仓),
nodejs,@ksxz\fake-https,,未分析(无仓),
nodejs,@ksxz\gateway,,未分析(无仓),
nodejs,@ksxz\gateway-conf,,未分析(无仓),
nodejs,@ksxz\gateway-plugin-axios,,未分析(无仓),
nodejs,@ksxz\hdd-watermark-sdk,,未分析(无仓),
nodejs,@ksxz\http-cookie-agent,,未分析(无仓),
nodejs,@ksxz\jsencrypt,,未分析(无仓),
nodejs,@ksxz\lang-tool,,未分析(无仓),
nodejs,@ksxz\link-manager,,未分析(无仓),
nodejs,@ksxz\mac-screen-capture-permissions,,未分析(无仓),
nodejs,@ksxz\memory-optimizer,,未分析(无仓),
nodejs,@ksxz\miniapp-simulator,,未分析(无仓),
nodejs,@ksxz\node-network-devtools,,未分析(无仓),
nodejs,@ksxz\node-xlog,,未分析(无仓),
nodejs,@ksxz\piscina,,未分析(无仓),
nodejs,@ksxz\rpc-channel,,未分析(无仓),
nodejs,@ksxz\size-theme,,未分析(无仓),
nodejs,@ksxz\window-manager,,未分析(无仓),
nodejs,@ksxz\wns-addon,,未分析(无仓),
nodejs,@lebo\cloud-desktop-sdk-web,,未分析(无仓),
nodejs,@lebo\im-sdk-web,,未分析(无仓),
nodejs,@lebo\loglevel-web,,未分析(无仓),
nodejs,@lebo\rtc-sdk-web,,未分析(无仓),
nodejs,@lebo\tracker-sdk-web,,未分析(无仓),
nodejs,@lebo\web-utils,,未分析(无仓),
nodejs,@loadable/component,https://github.com/gregberge/loadable-components,未分析,
nodejs,@lumino/widgets,https://github.com/jupyterlab/lumino,未分析,
nodejs,@malept/cross-spawn-promise,https://github.com/malept/cross-spawn-promise,未分析,
nodejs,@mapbox/node-pre-gyp,https://github.com/mapbox/node-pre-gyp,未分析,
nodejs,@mdos\pc-images-viewer,,未分析(无仓),
nodejs,@mdos\pc-screenshots,,未分析(无仓),
nodejs,@microsoft/1ds-core-js,https://github.com/microsoft/ApplicationInsights-JS/tree/main,未分析,
nodejs,@microsoft/1ds-post-js,https://github.com/microsoft/ApplicationInsights-JS/tree/main,未分析,
nodejs,@microsoft/applicationinsights-core-js,https://github.com/microsoft/ApplicationInsights-JS/tree/main,未分析,
nodejs,@microsoft/applicationinsights-shims,https://github.com/microsoft/ApplicationInsights-JS/tree/main,未分析,
nodejs,@microsoft/dynamicproto-js,https://github.com/microsoft/DynamicProto-JS,未分析,
nodejs,@modelcontextprotocol/sdk,https://github.com/modelcontextprotocol/typescript-sdk,未分析,
nodejs,@mozilla/readability,https://github.com/mozilla/readability,未分析,
nodejs,@msgpack/msgpack,https://github.com/msgpack/msgpack-javascript,未分析,
nodejs,@mtfe/xm-rust-tool-adapter,,未分析(无仓),
nodejs,@my-scope/package-a,,未分析(无仓),
nodejs,@my-scope/package-b,,未分析(无仓),
nodejs,@neysf\qiyu-web-sdk,https://github.com/NSFI/qiyu-web-sdk,未分析,
nodejs,@nodelib/fs.scandir,https://github.com/nodelib/nodelib/tree/master,未分析,
nodejs,@nodelib/fs.stat,https://github.com/nodelib/nodelib/tree/master,未分析,
nodejs,@nodelib/fs.walk,https://github.com/nodelib/nodelib/tree/master,未分析,
nodejs,@nodelib\fs.scandir,https://github.com/nodelib/nodelib/tree/master,未分析,
nodejs,@nodelib\fs.stat,https://github.com/nodelib/nodelib/tree/master,未分析,
nodejs,@nodelib\fs.walk,https://github.com/nodelib/nodelib/tree/master,未分析,
nodejs,@npmcli/fs,https://github.com/npm/fs,未分析,
nodejs,@npmcli/move-file,https://github.com/npm/move-file,未分析,
nodejs,@nteract/messaging,,未分析(无仓),
nodejs,@nteract/transform-dataresource,https://github.com/nteract/nteract/tree/master,未分析,
nodejs,@nteract/transform-geojson,https://github.com/nteract/nteract/tree/master,未分析,
nodejs,@nteract/transform-model-debug,https://github.com/nteract/nteract/tree/master,未分析,
nodejs,@nteract/transform-plotly,,未分析(无仓),
nodejs,@nteract/transform-vega,,未分析(无仓),
nodejs,@nteract/transforms,https://github.com/nteract/nteract/tree/master,未分析,
nodejs,@nut-tree\default-clipboard-provider,,未分析(无仓),
nodejs,@nut-tree\nut-js,https://github.com/nut-tree/nut.js,未分析,
nodejs,@nut-tree\provider-interfaces,,未分析(无仓),
nodejs,@nut-tree\shared,,未分析(无仓),
nodejs,@opentelemetry/api,https://github.com/open-telemetry/opentelemetry-js,未分析,
nodejs,@opentelemetry/api-logs,https://github.com/open-telemetry/opentelemetry-js,未分析,
nodejs,@opentelemetry/context-async-hooks,https://github.com/open-telemetry/opentelemetry-js,未分析,
nodejs,@opentelemetry/instrumentation,https://github.com/open-telemetry/opentelemetry-js,未分析,
nodejs,@opentelemetry/instrumentation-amqplib,https://github.com/open-telemetry/opentelemetry-js-contrib/tree/HEAD/packages/instrumentation-amqplib,未分析,
nodejs,@opentelemetry/instrumentation-connect,https://github.com/open-telemetry/opentelemetry-js-contrib/tree/HEAD/packages/instrumentation-connect,未分析,
nodejs,@opentelemetry/instrumentation-dataloader,https://github.com/open-telemetry/opentelemetry-js-contrib/tree/HEAD/packages/instrumentation-dataloader,未分析,
nodejs,@opentelemetry/instrumentation-express,https://github.com/open-telemetry/opentelemetry-js-contrib/tree/HEAD/packages/instrumentation-express,未分析,
nodejs,@opentelemetry/instrumentation-fastify,https://github.com/open-telemetry/opentelemetry-js-contrib/tree/HEAD/packages/instrumentation-fastify,未分析,
nodejs,@opentelemetry/instrumentation-fs,https://github.com/open-telemetry/opentelemetry-js-contrib/tree/HEAD/packages/instrumentation-fs,未分析,
nodejs,@opentelemetry/instrumentation-generic-pool,https://github.com/open-telemetry/opentelemetry-js-contrib/tree/HEAD/packages/instrumentation-generic-pool,未分析,
nodejs,@opentelemetry/instrumentation-graphql,https://github.com/open-telemetry/opentelemetry-js-contrib/tree/HEAD/packages/instrumentation-graphql,未分析,
nodejs,@opentelemetry/instrumentation-hapi,https://github.com/open-telemetry/opentelemetry-js-contrib/tree/HEAD/packages/instrumentation-hapi,未分析,
nodejs,@opentelemetry/instrumentation-http,https://github.com/open-telemetry/opentelemetry-js,未分析,
nodejs,@opentelemetry/instrumentation-ioredis,https://github.com/open-telemetry/opentelemetry-js-contrib/tree/HEAD/packages/instrumentation-ioredis,未分析,
nodejs,@opentelemetry/instrumentation-kafkajs,https://github.com/open-telemetry/opentelemetry-js-contrib/tree/HEAD/packages/instrumentation-kafkajs,未分析,
nodejs,@opentelemetry/instrumentation-koa,https://github.com/open-telemetry/opentelemetry-js-contrib/tree/HEAD/packages/instrumentation-koa,未分析,
nodejs,@opentelemetry/instrumentation-lru-memoizer,https://github.com/open-telemetry/opentelemetry-js-contrib/tree/HEAD/packages/instrumentation-lru-memoizer,未分析,
nodejs,@opentelemetry/instrumentation-mongodb,https://github.com/open-telemetry/opentelemetry-js-contrib/tree/HEAD/packages/instrumentation-mongodb,未分析,
nodejs,@opentelemetry/instrumentation-mongoose,https://github.com/open-telemetry/opentelemetry-js-contrib/tree/HEAD/packages/instrumentation-mongoose,未分析,
nodejs,@opentelemetry/instrumentation-mysql,https://github.com/open-telemetry/opentelemetry-js-contrib/tree/HEAD/packages/instrumentation-mysql,未分析,
nodejs,@opentelemetry/instrumentation-mysql2,https://github.com/open-telemetry/opentelemetry-js-contrib/tree/HEAD/packages/instrumentation-mysql2,未分析,
nodejs,@opentelemetry/instrumentation-nestjs-core,https://github.com/open-telemetry/opentelemetry-js-contrib/tree/HEAD/packages/instrumentation-nestjs-core,未分析,
nodejs,@opentelemetry/instrumentation-pg,https://github.com/open-telemetry/opentelemetry-js-contrib/tree/HEAD/packages/instrumentation-pg,未分析,
nodejs,@opentelemetry/instrumentation-redis-4,https://github.com/open-telemetry/opentelemetry-js-contrib,未分析,
nodejs,@opentelemetry/instrumentation-undici,https://github.com/open-telemetry/opentelemetry-js-contrib/tree/HEAD/packages/instrumentation-undici,未分析,
nodejs,@opentelemetry/redis-common,https://github.com/open-telemetry/opentelemetry-js-contrib/tree/HEAD/packages/redis-common,未分析,
nodejs,@opentelemetry/resources,https://github.com/open-telemetry/opentelemetry-js,未分析,
nodejs,@opentelemetry/sdk-metrics,https://github.com/open-telemetry/opentelemetry-js,未分析,
nodejs,@opentelemetry/sdk-trace-base,https://github.com/open-telemetry/opentelemetry-js,未分析,
nodejs,@opentelemetry/semantic-conventions,https://github.com/open-telemetry/opentelemetry-js,未分析,
nodejs,@opentelemetry/sql-common,https://github.com/open-telemetry/opentelemetry-js-contrib/tree/HEAD/packages/sql-common,未分析,
nodejs,@opentelemetry\api,https://github.com/open-telemetry/opentelemetry-js,未分析,
nodejs,@opentelemetry\api-logs,https://github.com/open-telemetry/opentelemetry-js,未分析,
nodejs,@opentelemetry\context-async-hooks,https://github.com/open-telemetry/opentelemetry-js,未分析,
nodejs,@opentelemetry\instrumentation,https://github.com/open-telemetry/opentelemetry-js,未分析,
nodejs,@opentelemetry\instrumentation-connect,https://github.com/open-telemetry/opentelemetry-js-contrib/tree/HEAD/packages/instrumentation-connect,未分析,
nodejs,@opentelemetry\instrumentation-express,https://github.com/open-telemetry/opentelemetry-js-contrib/tree/HEAD/packages/instrumentation-express,未分析,
nodejs,@opentelemetry\instrumentation-fastify,https://github.com/open-telemetry/opentelemetry-js-contrib/tree/HEAD/packages/instrumentation-fastify,未分析,
nodejs,@opentelemetry\instrumentation-fs,https://github.com/open-telemetry/opentelemetry-js-contrib/tree/HEAD/packages/instrumentation-fs,未分析,
nodejs,@opentelemetry\instrumentation-graphql,https://github.com/open-telemetry/opentelemetry-js-contrib/tree/HEAD/packages/instrumentation-graphql,未分析,
nodejs,@opentelemetry\instrumentation-hapi,https://github.com/open-telemetry/opentelemetry-js-contrib/tree/HEAD/packages/instrumentation-hapi,未分析,
nodejs,@opentelemetry\instrumentation-http,https://github.com/open-telemetry/opentelemetry-js,未分析,
nodejs,@opentelemetry\instrumentation-ioredis,https://github.com/open-telemetry/opentelemetry-js-contrib/tree/HEAD/packages/instrumentation-ioredis,未分析,
nodejs,@opentelemetry\instrumentation-koa,https://github.com/open-telemetry/opentelemetry-js-contrib/tree/HEAD/packages/instrumentation-koa,未分析,
nodejs,@opentelemetry\instrumentation-mongodb,https://github.com/open-telemetry/opentelemetry-js-contrib/tree/HEAD/packages/instrumentation-mongodb,未分析,
nodejs,@opentelemetry\instrumentation-mongoose,https://github.com/open-telemetry/opentelemetry-js-contrib/tree/HEAD/packages/instrumentation-mongoose,未分析,
nodejs,@opentelemetry\instrumentation-mysql,https://github.com/open-telemetry/opentelemetry-js-contrib/tree/HEAD/packages/instrumentation-mysql,未分析,
nodejs,@opentelemetry\instrumentation-mysql2,https://github.com/open-telemetry/opentelemetry-js-contrib/tree/HEAD/packages/instrumentation-mysql2,未分析,
nodejs,@opentelemetry\instrumentation-nestjs-core,https://github.com/open-telemetry/opentelemetry-js-contrib/tree/HEAD/packages/instrumentation-nestjs-core,未分析,
nodejs,@opentelemetry\instrumentation-pg,https://github.com/open-telemetry/opentelemetry-js-contrib/tree/HEAD/packages/instrumentation-pg,未分析,
nodejs,@opentelemetry\instrumentation-redis-4,https://github.com/open-telemetry/opentelemetry-js-contrib,未分析,
nodejs,@opentelemetry\redis-common,https://github.com/open-telemetry/opentelemetry-js-contrib/tree/HEAD/packages/redis-common,未分析,
nodejs,@opentelemetry\resources,https://github.com/open-telemetry/opentelemetry-js,未分析,
nodejs,@opentelemetry\sdk-metrics,https://github.com/open-telemetry/opentelemetry-js,未分析,
nodejs,@opentelemetry\sdk-trace-base,https://github.com/open-telemetry/opentelemetry-js,未分析,
nodejs,@opentelemetry\semantic-conventions,https://github.com/open-telemetry/opentelemetry-js,未分析,
nodejs,@opentelemetry\sql-common,https://github.com/open-telemetry/opentelemetry-js-contrib/tree/HEAD/packages/sql-common,未分析,
nodejs,@peculiar\json-schema,https://github.com/PeculiarVentures/json-schema,未分析,
nodejs,@phosphor/widgets,https://github.com/phosphorjs/phosphor,未分析,
nodejs,@pinia\plugin-debounce,https://github.com/posva/pinia-plugin-debounce,未分析,
nodejs,@prisma/instrumentation,https://github.com/prisma/prisma/tree/HEAD/packages/instrumentation,未分析,
nodejs,@prisma\instrumentation,https://github.com/prisma/prisma/tree/HEAD/packages/instrumentation,未分析,
nodejs,@protobufjs/aspromise,https://github.com/dcodeIO/protobuf.js,未分析,
nodejs,@protobufjs/base64,https://github.com/dcodeIO/protobuf.js,未分析,
nodejs,@protobufjs/codegen,https://github.com/dcodeIO/protobuf.js,未分析,
nodejs,@protobufjs/eventemitter,https://github.com/dcodeIO/protobuf.js,未分析,
nodejs,@protobufjs/fetch,https://github.com/dcodeIO/protobuf.js,未分析,
nodejs,@protobufjs/float,https://github.com/dcodeIO/protobuf.js,未分析,
nodejs,@protobufjs/inquire,https://github.com/dcodeIO/protobuf.js,未分析,
nodejs,@protobufjs/path,https://github.com/dcodeIO/protobuf.js,未分析,
nodejs,@protobufjs/pool,https://github.com/dcodeIO/protobuf.js,未分析,
nodejs,@protobufjs/utf8,https://github.com/dcodeIO/protobuf.js,未分析,
nodejs,@protobufjs\aspromise,https://github.com/dcodeIO/protobuf.js,未分析,
nodejs,@protobufjs\base64,https://github.com/dcodeIO/protobuf.js,未分析,
nodejs,@protobufjs\codegen,https://github.com/dcodeIO/protobuf.js,未分析,
nodejs,@protobufjs\eventemitter,https://github.com/dcodeIO/protobuf.js,未分析,
nodejs,@protobufjs\fetch,https://github.com/dcodeIO/protobuf.js,未分析,
nodejs,@protobufjs\float,https://github.com/dcodeIO/protobuf.js,未分析,
nodejs,@protobufjs\inquire,https://github.com/dcodeIO/protobuf.js,未分析,
nodejs,@protobufjs\path,https://github.com/dcodeIO/protobuf.js,未分析,
nodejs,@protobufjs\pool,https://github.com/dcodeIO/protobuf.js,未分析,
nodejs,@protobufjs\utf8,https://github.com/dcodeIO/protobuf.js,未分析,
nodejs,@qt-components\data-migration,,未分析(无仓),
nodejs,@qt\bonjour,,未分析(无仓),
nodejs,@qt\client-file-downloader,,未分析(无仓),
nodejs,@qt\electron-notifications-lite,,未分析(无仓),
nodejs,@qt\electron-preview,,未分析(无仓),
nodejs,@qt\electron-screenshots,,未分析(无仓),
nodejs,@qt\multicast-dns,,未分析(无仓),
nodejs,@qt\named-pipe,,未分析(无仓),
nodejs,@qt\node-log,,未分析(无仓),
nodejs,@qt\node-xylink-core,,未分析(无仓),
nodejs,@qt\node-xylink-win,,未分析(无仓),
nodejs,@qt\projection-client,,未分析(无仓),
nodejs,@qt\react-preview,,未分析(无仓),
nodejs,@qt\react-screenshots,,未分析(无仓),
nodejs,@qt\watermark-js,,未分析(无仓),
nodejs,@radix-ui\primitive,https://github.com/radix-ui/primitives/tree/HEAD/packages/core/primitive,未分析,
nodejs,@radix-ui\react-arrow,https://github.com/radix-ui/primitives/tree/HEAD/packages/react/arrow,未分析,
nodejs,@radix-ui\react-compose-refs,https://github.com/radix-ui/primitives/tree/HEAD/packages/react/compose-refs,未分析,
nodejs,@radix-ui\react-context,https://github.com/radix-ui/primitives/tree/HEAD/packages/react/context,未分析,
nodejs,@radix-ui\react-dismissable-layer,https://github.com/radix-ui/primitives/tree/HEAD/packages/react/dismissable-layer,未分析,
nodejs,@radix-ui\react-id,https://github.com/radix-ui/primitives/tree/HEAD/packages/react/id,未分析,
nodejs,@radix-ui\react-popper,https://github.com/radix-ui/primitives/tree/HEAD/packages/react/popper,未分析,
nodejs,@radix-ui\react-portal,https://github.com/radix-ui/primitives/tree/HEAD/packages/react/portal,未分析,
nodejs,@radix-ui\react-presence,https://github.com/radix-ui/primitives/tree/HEAD/packages/react/presence,未分析,
nodejs,@radix-ui\react-primitive,https://github.com/radix-ui/primitives/tree/HEAD/packages/react/primitive,未分析,
nodejs,@radix-ui\react-slot,https://github.com/radix-ui/primitives/tree/HEAD/packages/react/slot,未分析,
nodejs,@radix-ui\react-tooltip,https://github.com/radix-ui/primitives/tree/HEAD/packages/react/tooltip,未分析,
nodejs,@radix-ui\react-use-callback-ref,https://github.com/radix-ui/primitives/tree/HEAD/packages/react/use-callback-ref,未分析,
nodejs,@radix-ui\react-use-controllable-state,https://github.com/radix-ui/primitives/tree/HEAD/packages/react/use-controllable-state,未分析,
nodejs,@radix-ui\react-use-escape-keydown,https://github.com/radix-ui/primitives/tree/HEAD/packages/react/use-escape-keydown,未分析,
nodejs,@radix-ui\react-use-layout-effect,https://github.com/radix-ui/primitives/tree/HEAD/packages/react/use-layout-effect,未分析,
nodejs,@radix-ui\react-use-rect,https://github.com/radix-ui/primitives/tree/HEAD/packages/react/use-rect,未分析,
nodejs,@radix-ui\react-use-size,https://github.com/radix-ui/primitives/tree/HEAD/packages/react/use-size,未分析,
nodejs,@radix-ui\react-visually-hidden,https://github.com/radix-ui/primitives/tree/HEAD/packages/react/visually-hidden,未分析,
nodejs,@radix-ui\rect,https://github.com/radix-ui/primitives/tree/HEAD/packages/core/rect,未分析,
nodejs,@rc-component/async-validator,https://github.com/react-component/async-validator,未分析,
nodejs,@rc-component/color-picker,https://github.com/react-component/color-picker,未分析,
nodejs,@rc-component/context,https://github.com/react-component/context,未分析,
nodejs,@rc-component/mini-decimal,https://github.com/react-component/mini-decimal,未分析,
nodejs,@rc-component/mutate-observer,https://github.com/react-component/mutate-observer,未分析,
nodejs,@rc-component/portal,https://github.com/react-component/portal,未分析,
nodejs,@rc-component/qrcode,https://github.com/react-component/qrcode,未分析,
nodejs,@rc-component/tour,https://github.com/react-component/tour,未分析,
nodejs,@rc-component/trigger,https://github.com/react-component/trigger,未分析,
nodejs,@remix-run/router,https://github.com/remix-run/react-router/tree/HEAD/packages/router,未分析,
nodejs,@rooms-h5/lrvc,,未分析(无仓),
nodejs,@rushstack/node-core-library,https://github.com/microsoft/rushstack/tree/HEAD/libraries/node-core-library,未分析,
nodejs,@rushstack/package-deps-hash,https://github.com/microsoft/rushstack/tree/HEAD/libraries/package-deps-hash,未分析,
nodejs,@sec/protsdkRender,,未分析(无仓),
nodejs,@sec\protsdk,,未分析(无仓),
nodejs,@security\keyindex,,未分析(无仓),
nodejs,@semi/nas-log,,未分析(无仓),
nodejs,@sentry-internal/browser-utils,https://github.com/getsentry/sentry-javascript,未分析,
nodejs,@sentry-internal/feedback,https://github.com/getsentry/sentry-javascript,未分析,
nodejs,@sentry-internal/replay,https://github.com/getsentry/sentry-javascript,未分析,
nodejs,@sentry-internal/replay-canvas,https://github.com/getsentry/sentry-javascript,未分析,
nodejs,@sentry-internal/tracing,https://github.com/getsentry/sentry-javascript,未分析,
nodejs,@sentry-internal\browser-utils,https://github.com/getsentry/sentry-javascript,未分析,
nodejs,@sentry-internal\feedback,https://github.com/getsentry/sentry-javascript,未分析,
nodejs,@sentry-internal\replay,https://github.com/getsentry/sentry-javascript,未分析,
nodejs,@sentry-internal\replay-canvas,https://github.com/getsentry/sentry-javascript,未分析,
nodejs,@sentry-internal\tracing,https://github.com/getsentry/sentry-javascript,未分析,
nodejs,@sentry/apm,https://github.com/getsentry/sentry-javascript,未分析,
nodejs,@sentry/browser,https://github.com/getsentry/sentry-javascript,未分析,
nodejs,@sentry/electron,https://github.com/getsentry/sentry-electron,未分析,
nodejs,@sentry/hub,https://github.com/getsentry/sentry-javascript,未分析,
nodejs,@sentry/minimal,https://github.com/getsentry/sentry-javascript,未分析,
nodejs,@sentry/node,https://github.com/getsentry/sentry-javascript,未分析,
nodejs,@sentry/opentelemetry,https://github.com/getsentry/sentry-javascript,未分析,
nodejs,@sentry/replay,https://github.com/getsentry/sentry-javascript,未分析,
nodejs,@sentry/tracing,https://github.com/getsentry/sentry-javascript,未分析,
nodejs,@sentry/types,https://github.com/getsentry/sentry-javascript,未分析,
nodejs,@sentry/utils,https://github.com/getsentry/sentry-javascript,未分析,
nodejs,@sentry/vue,https://github.com/getsentry/sentry-javascript,未分析,
nodejs,@sentry\browser,https://github.com/getsentry/sentry-javascript,未分析,
nodejs,@sentry\electron,https://github.com/getsentry/sentry-electron,未分析,
nodejs,@sentry\integrations,https://github.com/getsentry/sentry-javascript,未分析,
nodejs,@sentry\node,https://github.com/getsentry/sentry-javascript,未分析,
nodejs,@sentry\opentelemetry,https://github.com/getsentry/sentry-javascript,未分析,
nodejs,@sentry\replay,https://github.com/getsentry/sentry-javascript,未分析,
nodejs,@sentry\types,https://github.com/getsentry/sentry-javascript,未分析,
nodejs,@sentry\utils,https://github.com/getsentry/sentry-javascript,未分析,
nodejs,@serialport/binding-abstract,https://github.com/serialport/node-serialport,未分析,
nodejs,@serialport/binding-mock,https://github.com/serialport/binding-mock,未分析,
nodejs,@serialport/parser-byte-length,https://github.com/serialport/node-serialport,未分析,
nodejs,@serialport/parser-cctalk,https://github.com/serialport/node-serialport,未分析,
nodejs,@serialport/parser-delimiter,https://github.com/serialport/node-serialport,未分析,
nodejs,@serialport/parser-readline,https://github.com/serialport/node-serialport,未分析,
nodejs,@serialport/parser-ready,https://github.com/serialport/node-serialport,未分析,
nodejs,@serialport/parser-regex,https://github.com/serialport/node-serialport,未分析,
nodejs,@serialport/stream,https://github.com/serialport/node-serialport,未分析,
nodejs,@shared/common,,未分析(无仓),
nodejs,@shared/dx-log,,未分析(无仓),
nodejs,@shared/locales,,未分析(无仓),
nodejs,@shared/main,,未分析(无仓),
nodejs,@shared/node,,未分析(无仓),
nodejs,@shared/preload,,未分析(无仓),
nodejs,@shared/rpc,,未分析(无仓),
nodejs,@sindresorhus/is,https://github.com/sindresorhus/is,未分析,
nodejs,@sindresorhus\is,https://github.com/sindresorhus/is,未分析,
nodejs,@sqltools\formatter,https://github.com/mtxr/vscode-sqltools/tree/HEAD/packages/formatter,未分析,
nodejs,@ss/mtd-react,,未分析(无仓),
nodejs,@sso/electron-passkey-bridge,,未分析(无仓),
nodejs,@stdlib/array-float32,https://github.com/stdlib-js/array-float32,未分析,
nodejs,@stdlib/array-float64,https://github.com/stdlib-js/array-float64,未分析,
nodejs,@stdlib/array-uint16,https://github.com/stdlib-js/array-uint16,未分析,
nodejs,@stdlib/array-uint32,https://github.com/stdlib-js/array-uint32,未分析,
nodejs,@stdlib/array-uint8,https://github.com/stdlib-js/array-uint8,未分析,
nodejs,@stdlib/assert-has-float32array-support,https://github.com/stdlib-js/assert-has-float32array-support,未分析,
nodejs,@stdlib/assert-has-float64array-support,https://github.com/stdlib-js/assert-has-float64array-support,未分析,
nodejs,@stdlib/assert-has-node-buffer-support,https://github.com/stdlib-js/assert-has-node-buffer-support,未分析,
nodejs,@stdlib/assert-has-own-property,https://github.com/stdlib-js/assert-has-own-property,未分析,
nodejs,@stdlib/assert-has-symbol-support,https://github.com/stdlib-js/assert-has-symbol-support,未分析,
nodejs,@stdlib/assert-has-tostringtag-support,https://github.com/stdlib-js/assert-has-tostringtag-support,未分析,
nodejs,@stdlib/assert-has-uint16array-support,https://github.com/stdlib-js/assert-has-uint16array-support,未分析,
nodejs,@stdlib/assert-has-uint32array-support,https://github.com/stdlib-js/assert-has-uint32array-support,未分析,
nodejs,@stdlib/assert-has-uint8array-support,https://github.com/stdlib-js/assert-has-uint8array-support,未分析,
nodejs,@stdlib/assert-is-array,https://github.com/stdlib-js/assert-is-array,未分析,
nodejs,@stdlib/assert-is-big-endian,https://github.com/stdlib-js/assert-is-big-endian,未分析,
nodejs,@stdlib/assert-is-boolean,https://github.com/stdlib-js/assert-is-boolean,未分析,
nodejs,@stdlib/assert-is-buffer,https://github.com/stdlib-js/assert-is-buffer,未分析,
nodejs,@stdlib/assert-is-float32array,https://github.com/stdlib-js/assert-is-float32array,未分析,
nodejs,@stdlib/assert-is-float64array,https://github.com/stdlib-js/assert-is-float64array,未分析,
nodejs,@stdlib/assert-is-function,https://github.com/stdlib-js/assert-is-function,未分析,
nodejs,@stdlib/assert-is-integer,https://github.com/stdlib-js/assert-is-integer,未分析,
nodejs,@stdlib/assert-is-little-endian,https://github.com/stdlib-js/assert-is-little-endian,未分析,
nodejs,@stdlib/assert-is-nonnegative-integer,https://github.com/stdlib-js/assert-is-nonnegative-integer,未分析,
nodejs,@stdlib/assert-is-number,https://github.com/stdlib-js/assert-is-number,未分析,
nodejs,@stdlib/assert-is-object,https://github.com/stdlib-js/assert-is-object,未分析,
nodejs,@stdlib/assert-is-object-like,https://github.com/stdlib-js/assert-is-object-like,未分析,
nodejs,@stdlib/assert-is-plain-object,https://github.com/stdlib-js/assert-is-plain-object,未分析,
nodejs,@stdlib/assert-is-regexp,https://github.com/stdlib-js/assert-is-regexp,未分析,
nodejs,@stdlib/assert-is-regexp-string,https://github.com/stdlib-js/assert-is-regexp-string,未分析,
nodejs,@stdlib/assert-is-string,https://github.com/stdlib-js/assert-is-string,未分析,
nodejs,@stdlib/assert-is-uint16array,https://github.com/stdlib-js/assert-is-uint16array,未分析,
nodejs,@stdlib/assert-is-uint32array,https://github.com/stdlib-js/assert-is-uint32array,未分析,
nodejs,@stdlib/assert-is-uint8array,https://github.com/stdlib-js/assert-is-uint8array,未分析,
nodejs,@stdlib/assert-tools-array-function,https://github.com/stdlib-js/assert-tools-array-function,未分析,
nodejs,@stdlib/buffer-ctor,https://github.com/stdlib-js/buffer-ctor,未分析,
nodejs,@stdlib/buffer-from-string,https://github.com/stdlib-js/buffer-from-string,未分析,
nodejs,@stdlib/cli-ctor,https://github.com/stdlib-js/cli-ctor,未分析,
nodejs,@stdlib/constants-float64-exponent-bias,https://github.com/stdlib-js/constants-float64-exponent-bias,未分析,
nodejs,@stdlib/constants-float64-max-safe-integer,https://github.com/stdlib-js/constants-float64-max-safe-integer,未分析,
nodejs,@stdlib/constants-float64-ninf,https://github.com/stdlib-js/constants-float64-ninf,未分析,
nodejs,@stdlib/constants-float64-pinf,https://github.com/stdlib-js/constants-float64-pinf,未分析,
nodejs,@stdlib/constants-uint16-max,https://github.com/stdlib-js/constants-uint16-max,未分析,
nodejs,@stdlib/constants-uint32-max,https://github.com/stdlib-js/constants-uint32-max,未分析,
nodejs,@stdlib/constants-uint8-max,https://github.com/stdlib-js/constants-uint8-max,未分析,
nodejs,@stdlib/fs-exists,https://github.com/stdlib-js/fs-exists,未分析,
nodejs,@stdlib/fs-read-file,https://github.com/stdlib-js/fs-read-file,未分析,
nodejs,@stdlib/fs-resolve-parent-path,https://github.com/stdlib-js/fs-resolve-parent-path,未分析,
nodejs,@stdlib/number-ctor,https://github.com/stdlib-js/number-ctor,未分析,
nodejs,@stdlib/number-float64-base-to-binary-string,https://github.com/stdlib-js/number-float64-base-to-binary-string,未分析,
nodejs,@stdlib/number-float64-base-to-float32,https://github.com/stdlib-js/number-float64-base-to-float32,未分析,
nodejs,@stdlib/os-byte-order,https://github.com/stdlib-js/os-byte-order,未分析,
nodejs,@stdlib/os-float-word-order,https://github.com/stdlib-js/os-float-word-order,未分析,
nodejs,@stdlib/process-cwd,https://github.com/stdlib-js/process-cwd,未分析,
nodejs,@stdlib/process-read-stdin,https://github.com/stdlib-js/process-read-stdin,未分析,
nodejs,@stdlib/regexp-eol,https://github.com/stdlib-js/regexp-eol,未分析,
nodejs,@stdlib/regexp-extended-length-path,https://github.com/stdlib-js/regexp-extended-length-path,未分析,
nodejs,@stdlib/regexp-function-name,https://github.com/stdlib-js/regexp-function-name,未分析,
nodejs,@stdlib/regexp-regexp,https://github.com/stdlib-js/regexp-regexp,未分析,
nodejs,@stdlib/streams-node-stdin,https://github.com/stdlib-js/streams-node-stdin,未分析,
nodejs,@stdlib/string-base-format-interpolate,https://github.com/stdlib-js/string-base-format-interpolate,未分析,
nodejs,@stdlib/string-base-format-tokenize,https://github.com/stdlib-js/string-base-format-tokenize,未分析,
nodejs,@stdlib/string-format,https://github.com/stdlib-js/string-format,未分析,
nodejs,@stdlib/string-left-pad,https://github.com/stdlib-js/string-left-pad,未分析,
nodejs,@stdlib/string-lowercase,https://github.com/stdlib-js/string-lowercase,未分析,
nodejs,@stdlib/string-repeat,https://github.com/stdlib-js/string-repeat,未分析,
nodejs,@stdlib/string-replace,https://github.com/stdlib-js/string-replace,未分析,
nodejs,@stdlib/string-right-pad,https://github.com/stdlib-js/string-right-pad,未分析,
nodejs,@stdlib/types,https://github.com/stdlib-js/types,未分析,
nodejs,@stdlib/utils-constructor-name,https://github.com/stdlib-js/utils-constructor-name,未分析,
nodejs,@stdlib/utils-convert-path,https://github.com/stdlib-js/utils-convert-path,未分析,
nodejs,@stdlib/utils-define-nonenumerable-read-only-property,https://github.com/stdlib-js/utils-define-nonenumerable-read-only-property,未分析,
nodejs,@stdlib/utils-define-property,https://github.com/stdlib-js/utils-define-property,未分析,
nodejs,@stdlib/utils-escape-regexp-string,https://github.com/stdlib-js/utils-escape-regexp-string,未分析,
nodejs,@stdlib/utils-get-prototype-of,https://github.com/stdlib-js/utils-get-prototype-of,未分析,
nodejs,@stdlib/utils-global,https://github.com/stdlib-js/utils-global,未分析,
nodejs,@stdlib/utils-library-manifest,https://github.com/stdlib-js/utils-library-manifest,未分析,
nodejs,@stdlib/utils-native-class,https://github.com/stdlib-js/utils-native-class,未分析,
nodejs,@stdlib/utils-next-tick,https://github.com/stdlib-js/utils-next-tick,未分析,
nodejs,@stdlib/utils-noop,https://github.com/stdlib-js/utils-noop,未分析,
nodejs,@stdlib/utils-regexp-from-string,https://github.com/stdlib-js/utils-regexp-from-string,未分析,
nodejs,@stdlib/utils-type-of,https://github.com/stdlib-js/utils-type-of,未分析,
nodejs,@svgdotjs/svg.js,https://github.com/svgdotjs/svg.js,未分析,
nodejs,@swc/helpers,https://github.com/swc-project/swc/tree/HEAD/packages/helpers,未分析,
nodejs,@szhsin\react-menu,https://github.com/szhsin/react-menu,未分析,
nodejs,@szmarczak/http-timer,https://github.com/szmarczak/http-timer,未分析,
nodejs,@szmarczak\http-timer,https://github.com/szmarczak/http-timer,未分析,
nodejs,@tanem/svg-injector,https://github.com/tanem/svg-injector,未分析,
nodejs,@tauri-apps/api,https://github.com/tauri-apps/tauri,未分析,
nodejs,@tauri-apps/plugin-shell,https://github.com/tauri-apps/plugins-workspace,未分析,
nodejs,@tencent/aegis-core,,未分析(无仓),
nodejs,@tencent/aegis-node-sdk,,未分析(无仓),
nodejs,@tencent/aegis-web-sdk,,未分析(无仓),
nodejs,@tencent/clipboard-event-windows,,未分析(无仓),
nodejs,@tencent/electron-file-clipboard,,未分析(无仓),
nodejs,@tencent/electron-process-explorer,,未分析(无仓),
nodejs,@tencent/polaris,,未分析(无仓),
nodejs,@tencent/pssuspend,,未分析(无仓),
nodejs,@tencent/windows-process-tree,,未分析(无仓),
nodejs,@tencent/yw-simple-mind-map,,未分析(无仓),
nodejs,@tencent\ark-request,,未分析(无仓),
nodejs,@tencent\clipboard-event-windows-22.3.27,,未分析(无仓),
nodejs,@tencent\clipboard-event-windows-38.1.2,,未分析(无仓),
nodejs,@tencent\electron-process-explorer,,未分析(无仓),
nodejs,@tencent\mega-docs-db,,未分析(无仓),
nodejs,@tencent\memoire-core,,未分析(无仓),
nodejs,@tencent\memoire-error-utils,,未分析(无仓),
nodejs,@tencent\memoire-migration,,未分析(无仓),
nodejs,@tencent\memoire-native-engine,,未分析(无仓),
nodejs,@tencent\memoire-plugable,,未分析(无仓),
nodejs,@tencent\memoire-structured-storage,,未分析(无仓),
nodejs,@tencent\node-database,,未分析(无仓),
nodejs,@tencent\simple-crash-dialog,,未分析(无仓),
nodejs,@tencent\windows-process-tree,,未分析(无仓),
nodejs,@tencent\x-nsview-util,,未分析(无仓),
nodejs,@tinymce/tinymce-vue,https://github.com/tinymce/tinymce-vue,未分析,
nodejs,@tokenizer/token,https://github.com/Borewit/tokenizer-token,未分析,
nodejs,@tokenizer\token,https://github.com/Borewit/tokenizer-token,未分析,
nodejs,@tootallnate/once,https://github.com/TooTallNate/once,未分析,
nodejs,@tootallnate\once,https://github.com/TooTallNate/once,未分析,
nodejs,@tsconfig\node10,https://github.com/tsconfig/bases/tree/HEAD/bases,未分析,
nodejs,@tsconfig\node12,https://github.com/tsconfig/bases/tree/HEAD/bases,未分析,
nodejs,@tsconfig\node14,https://github.com/tsconfig/bases/tree/HEAD/bases,未分析,
nodejs,@tsconfig\node16,https://github.com/tsconfig/bases/tree/HEAD/bases,未分析,
nodejs,@tutor/bridge-proto,,未分析(无仓),
nodejs,@tutor/diagnosis-electron-extension,,未分析(无仓),
nodejs,@tutor/diskusage,,未分析(无仓),
nodejs,@tutor/download-electron-extension,,未分析(无仓),
nodejs,@tutor/electron-multi-window,,未分析(无仓),
nodejs,@tutor/electron-uni-logger-definition,,未分析(无仓),
nodejs,@tutor/electron-updater,,未分析(无仓),
nodejs,@tutor/mupdf-electron-extension,,未分析(无仓),
nodejs,@tutor/ng-web-container,,未分析(无仓),
nodejs,@tutor/ngrx-store-action-bus.actions,,未分析(无仓),
nodejs,@tutor/ngrx-store-action-bus.electron,,未分析(无仓),
nodejs,@tutor/sentry-electron,,未分析(无仓),
nodejs,@tutor/tutor-mupdf-addon,,未分析(无仓),
nodejs,@tutor/tutor-node-machine-id,,未分析(无仓),
nodejs,@tutor/use-bind,,未分析(无仓),
nodejs,@tutor/web-app-config,,未分析(无仓),
nodejs,@types/adm-zip,https://github.com/DefinitelyTyped/DefinitelyTyped/tree/HEAD/types/adm-zip,未分析,
nodejs,@types/aes-js,https://github.com/DefinitelyTyped/DefinitelyTyped/tree/HEAD/types/aes-js,未分析,
nodejs,@types/aria-query,https://github.com/DefinitelyTyped/DefinitelyTyped/tree/HEAD/types/aria-query,未分析,
nodejs,@types/axios,,未分析(无仓),
nodejs,@types/base64-js,,未分析(无仓),
nodejs,@types/cacheable-request,,未分析(无仓),
nodejs,@types/connect,https://github.com/DefinitelyTyped/DefinitelyTyped/tree/HEAD/types/connect,未分析,
nodejs,@types/cross-spawn,https://github.com/DefinitelyTyped/DefinitelyTyped/tree/HEAD/types/cross-spawn,未分析,
nodejs,@types/crypto-js,https://github.com/DefinitelyTyped/DefinitelyTyped/tree/HEAD/types/crypto-js,未分析,
nodejs,@types/hashring,https://github.com/DefinitelyTyped/DefinitelyTyped/tree/HEAD/types/hashring,未分析,
nodejs,@types/hast,https://github.com/DefinitelyTyped/DefinitelyTyped/tree/HEAD/types/hast,未分析,
nodejs,@types/http-cache-semantics,https://github.com/DefinitelyTyped/DefinitelyTyped/tree/HEAD/types/http-cache-semantics,未分析,
nodejs,@types/image-size,https://github.com/image-size/image-size,未分析,
nodejs,@types/js-cookie,https://github.com/DefinitelyTyped/DefinitelyTyped/tree/HEAD/types/js-cookie,未分析,
nodejs,@types/json-schema,https://github.com/DefinitelyTyped/DefinitelyTyped/tree/HEAD/types/json-schema,未分析,
nodejs,@types/jszip,https://github.com/Stuk/jszip,未分析,
nodejs,@types/keyv,,未分析(无仓),
nodejs,@types/lodash,https://github.com/DefinitelyTyped/DefinitelyTyped/tree/HEAD/types/lodash,未分析,
nodejs,@types/lodash-es,https://github.com/DefinitelyTyped/DefinitelyTyped/tree/HEAD/types/lodash-es,未分析,
nodejs,@types/md5,https://github.com/DefinitelyTyped/DefinitelyTyped/tree/HEAD/types/md5,未分析,
nodejs,@types/mdast,https://github.com/DefinitelyTyped/DefinitelyTyped/tree/HEAD/types/mdast,未分析,
nodejs,@types/mocha,https://github.com/DefinitelyTyped/DefinitelyTyped/tree/HEAD/types/mocha,未分析,
nodejs,@types/node,https://github.com/DefinitelyTyped/DefinitelyTyped/tree/HEAD/types/node,未分析,
nodejs,@types/pako,https://github.com/DefinitelyTyped/DefinitelyTyped/tree/HEAD/types/pako,未分析,
nodejs,@types/pg,https://github.com/DefinitelyTyped/DefinitelyTyped/tree/HEAD/types/pg,未分析,
nodejs,@types/pg-pool,https://github.com/DefinitelyTyped/DefinitelyTyped/tree/HEAD/types/pg-pool,未分析,
nodejs,@types/prismjs,https://github.com/DefinitelyTyped/DefinitelyTyped/tree/HEAD/types/prismjs,未分析,
nodejs,@types/progress-stream,https://github.com/DefinitelyTyped/DefinitelyTyped/tree/HEAD/types/progress-stream,未分析,
nodejs,@types/responselike,https://github.com/DefinitelyTyped/DefinitelyTyped/tree/HEAD/types/responselike,未分析,
nodejs,@types/semver,https://github.com/DefinitelyTyped/DefinitelyTyped/tree/HEAD/types/semver,未分析,
nodejs,@types/shimmer,https://github.com/DefinitelyTyped/DefinitelyTyped/tree/HEAD/types/shimmer,未分析,
nodejs,@types/stack-trace,https://github.com/DefinitelyTyped/DefinitelyTyped/tree/HEAD/types/stack-trace,未分析,
nodejs,@types/triple-beam,https://github.com/DefinitelyTyped/DefinitelyTyped/tree/HEAD/types/triple-beam,未分析,
nodejs,@types/ua-parser-js,https://github.com/DefinitelyTyped/DefinitelyTyped/tree/HEAD/types/ua-parser-js,未分析,
nodejs,@types/unist,https://github.com/DefinitelyTyped/DefinitelyTyped/tree/HEAD/types/unist,未分析,
nodejs,@types/web-bluetooth,https://github.com/DefinitelyTyped/DefinitelyTyped/tree/HEAD/types/web-bluetooth,未分析,
nodejs,@types/webrtc,https://github.com/DefinitelyTyped/DefinitelyTyped/tree/HEAD/types/webrtc,未分析,
nodejs,@types/which,https://github.com/DefinitelyTyped/DefinitelyTyped/tree/HEAD/types/which,未分析,
nodejs,@types\archiver,https://github.com/DefinitelyTyped/DefinitelyTyped/tree/HEAD/types/archiver,未分析,
nodejs,@types\caseless,https://github.com/DefinitelyTyped/DefinitelyTyped/tree/HEAD/types/caseless,未分析,
nodejs,@types\connect,https://github.com/DefinitelyTyped/DefinitelyTyped/tree/HEAD/types/connect,未分析,
nodejs,@types\fs-extra,https://github.com/DefinitelyTyped/DefinitelyTyped/tree/HEAD/types/fs-extra,未分析,
nodejs,@types\node,https://github.com/DefinitelyTyped/DefinitelyTyped/tree/HEAD/types/node,未分析,
nodejs,@types\pg,https://github.com/DefinitelyTyped/DefinitelyTyped/tree/HEAD/types/pg,未分析,
nodejs,@types\pg-pool,https://github.com/DefinitelyTyped/DefinitelyTyped/tree/HEAD/types/pg-pool,未分析,
nodejs,@types\readdir-glob,https://github.com/DefinitelyTyped/DefinitelyTyped/tree/HEAD/types/readdir-glob,未分析,
nodejs,@types\request,https://github.com/DefinitelyTyped/DefinitelyTyped/tree/HEAD/types/request,未分析,
nodejs,@types\shimmer,https://github.com/DefinitelyTyped/DefinitelyTyped/tree/HEAD/types/shimmer,未分析,
nodejs,@types\simple-peer,https://github.com/DefinitelyTyped/DefinitelyTyped/tree/HEAD/types/simple-peer,未分析,
nodejs,@types\tough-cookie,https://github.com/DefinitelyTyped/DefinitelyTyped/tree/HEAD/types/tough-cookie,未分析,
nodejs,@unocss\reset,https://github.com/unocss/unocss/tree/HEAD/packages-presets/reset,未分析,
nodejs,@vscode/debugadapter,https://github.com/microsoft/vscode-debugadapter-node,未分析,
nodejs,@vscode/debugprotocol,https://github.com/microsoft/vscode-debugadapter-node,未分析,
nodejs,@vscode/extension-telemetry,https://github.com/Microsoft/vscode-extension-telemetry,未分析,
nodejs,@vscode/jupyter-ipywidgets7,https://github.com/Microsoft/vscode-jupyter-ipywidgets,未分析,
nodejs,@vscode/jupyter-ipywidgets8,https://github.com/Microsoft/vscode-jupyter-ipywidgets,未分析,
nodejs,@vscode/jupyter-lsp-middleware,,未分析(无仓),
nodejs,@vscode/python-extension,https://github.com/Microsoft/vscode-python,未分析,
nodejs,@vue/compiler-core,https://github.com/vuejs/core/tree/HEAD/packages/compiler-core,未分析,
nodejs,@vue/compiler-dom,https://github.com/vuejs/core/tree/HEAD/packages/compiler-dom,未分析,
nodejs,@vue/compiler-sfc,https://github.com/vuejs/core/tree/HEAD/packages/compiler-sfc,未分析,
nodejs,@vue/compiler-ssr,https://github.com/vuejs/core/tree/HEAD/packages/compiler-ssr,未分析,
nodejs,@vue/devtools-api,https://github.com/vuejs/devtools/tree/HEAD/packages/devtools-api,未分析,
nodejs,@vue/reactivity,https://github.com/vuejs/core/tree/HEAD/packages/reactivity,未分析,
nodejs,@vue/runtime-core,https://github.com/vuejs/core/tree/HEAD/packages/runtime-core,未分析,
nodejs,@vue/runtime-dom,https://github.com/vuejs/core/tree/HEAD/packages/runtime-dom,未分析,
nodejs,@vue/server-renderer,https://github.com/vuejs/core/tree/HEAD/packages/server-renderer,未分析,
nodejs,@vue/shared,https://github.com/vuejs/core/tree/HEAD/packages/shared,未分析,
nodejs,@vue\compiler-core,https://github.com/vuejs/core/tree/HEAD/packages/compiler-core,未分析,
nodejs,@vue\compiler-dom,https://github.com/vuejs/core/tree/HEAD/packages/compiler-dom,未分析,
nodejs,@vue\compiler-sfc,https://github.com/vuejs/core/tree/HEAD/packages/compiler-sfc,未分析,
nodejs,@vue\compiler-ssr,https://github.com/vuejs/core/tree/HEAD/packages/compiler-ssr,未分析,
nodejs,@vue\devtools-api,https://github.com/vuejs/devtools/tree/HEAD/packages/devtools-api,未分析,
nodejs,@vue\reactivity,https://github.com/vuejs/core/tree/HEAD/packages/reactivity,未分析,
nodejs,@vue\runtime-core,https://github.com/vuejs/core/tree/HEAD/packages/runtime-core,未分析,
nodejs,@vue\runtime-dom,https://github.com/vuejs/core/tree/HEAD/packages/runtime-dom,未分析,
nodejs,@vue\server-renderer,https://github.com/vuejs/core/tree/HEAD/packages/server-renderer,未分析,
nodejs,@vue\shared,https://github.com/vuejs/core/tree/HEAD/packages/shared,未分析,
nodejs,@vueuse/metadata,https://github.com/vueuse/vueuse/tree/HEAD/packages/metadata,未分析,
nodejs,@vueuse/shared,https://github.com/vueuse/vueuse/tree/HEAD/packages/shared,未分析,
nodejs,@vueuse\metadata,https://github.com/vueuse/vueuse/tree/HEAD/packages/metadata,未分析,
nodejs,@vueuse\motion,https://github.com/vueuse/motion,未分析,
nodejs,@vueuse\router,https://github.com/vueuse/vueuse/tree/HEAD/packages/router,未分析,
nodejs,@vueuse\shared,https://github.com/vueuse/vueuse/tree/HEAD/packages/shared,未分析,
nodejs,@wdio/logger,https://github.com/webdriverio/webdriverio/tree/HEAD/packages/wdio-logger,未分析,
nodejs,@wdio/protocols,https://github.com/webdriverio/webdriverio/tree/HEAD/packages/wdio-protocols,未分析,
nodejs,@wdio/repl,https://github.com/webdriverio/webdriverio/tree/HEAD/packages/wdio-repl,未分析,
nodejs,@wdio/types,https://github.com/webdriverio/webdriverio/tree/HEAD/packages/wdio-types,未分析,
nodejs,@wdio/utils,https://github.com/webdriverio/webdriverio/tree/HEAD/packages/wdio-utils,未分析,
nodejs,@xm/dx-analytics,,未分析(无仓),
nodejs,@xm/dx-desktop-router,,未分析(无仓),
nodejs,@xm/dx-devtools,,未分析(无仓),
nodejs,@xm/dx-horn-sdk,,未分析(无仓),
nodejs,@xm/dx-process-manager,,未分析(无仓),
nodejs,@xm/dx-transcribe-container,,未分析(无仓),
nodejs,@xm/dx-vpn,,未分析(无仓),
nodejs,@xm/dx-xmapp-api,,未分析(无仓),
nodejs,@xm/electron-imsdk,,未分析(无仓),
nodejs,@xm/electron-monitor,,未分析(无仓),
nodejs,@xm/js-native,,未分析(无仓),
nodejs,@xm/mac-permissions-fat,,未分析(无仓),
nodejs,@xm/node-cisco,,未分析(无仓),
nodejs,@xm/screenshot,,未分析(无仓),
nodejs,@xm/time-zone-objc,,未分析(无仓),
nodejs,@xm/time-zone-rust,,未分析(无仓),
nodejs,@xm\dx-cast,,未分析(无仓),
nodejs,@xm\dx-native,,未分析(无仓),
nodejs,@xmldom/xmldom,https://github.com/xmldom/xmldom,未分析,
nodejs,@xterm/addon-clipboard,https://github.com/xtermjs/xterm.js/tree/master,未分析,
nodejs,@xterm/addon-image,https://github.com/xtermjs/xterm.js/tree/master,未分析,
nodejs,@xterm/addon-ligatures,https://github.com/xtermjs/xterm.js/tree/master,未分析,
nodejs,@xterm/addon-progress,https://github.com/xtermjs/xterm.js/tree/master,未分析,
nodejs,@xterm/addon-search,https://github.com/xtermjs/xterm.js/tree/master,未分析,
nodejs,@xterm/addon-serialize,https://github.com/xtermjs/xterm.js/tree/master,未分析,
nodejs,@xterm/addon-unicode11,https://github.com/xtermjs/xterm.js/tree/master,未分析,
nodejs,@xterm/addon-webgl,https://github.com/xtermjs/xterm.js/tree/master,未分析,
nodejs,@xterm/headless,https://github.com/xtermjs/xterm.js,未分析,
nodejs,@xterm/xterm,https://github.com/xtermjs/xterm.js,未分析,
nodejs,@yuanfudao/bsdiff-node,,未分析(无仓),
nodejs,@yuanfudao/laser-metric-sdk,,未分析(无仓),
nodejs,@yuanfudao/mnn-electron-addon,,未分析(无仓),
nodejs,@yxim\nim-web-sdk,,未分析(无仓),
nodejs,@zbkpc/net-request,,未分析(无仓),
nodejs,@zhkt/downloadupload,,未分析(无仓),
nodejs,@zhkt/main-api-adapter,,未分析(无仓),
nodejs,@zhkt/mqserver-addon,,未分析(无仓),
nodejs,@zhkt/mutex-addon,,未分析(无仓),
nodejs,@zhkt/nan-ks-addon,,未分析(无仓),
nodejs,@zhkt/nan-win32-addon,,未分析(无仓),
nodejs,@zhkt/ref,,未分析(无仓),
nodejs,@zhkt/ref-array,,未分析(无仓),
nodejs,@zhkt/ref-struct,,未分析(无仓),
nodejs,@zhkt/sequelize,,未分析(无仓),
nodejs,abbrev,https://github.com/npm/abbrev-js,未分析,
nodejs,abort-controller,https://github.com/mysticatea/abort-controller,未分析,
nodejs,abstract-leveldown,https://github.com/Level/abstract-leveldown,未分析,
nodejs,accepts,https://github.com/jshttp/accepts,未分析,
nodejs,accessibility-developer-tools,https://github.com/GoogleChrome/accessibility-developer-tools,未分析,
nodejs,acorn,https://github.com/acornjs/acorn,未分析,
nodejs,acorn-import-attributes,https://github.com/xtuc/acorn-import-attributes,未分析,
nodejs,acorn-walk,https://github.com/acornjs/acorn,未分析,
nodejs,address,https://github.com/node-modules/address,未分析,
nodejs,adm-zip,https://github.com/cthackers/adm-zip,未分析,
nodejs,aes-js,https://github.com/ricmoo/aes-js,未分析,
nodejs,after,https://github.com/Raynos/after,未分析,
nodejs,ag-psd,https://github.com/Agamnentzar/ag-psd,未分析,
nodejs,agent-base,https://github.com/TooTallNate/proxy-agents/tree/HEAD/packages/agent-base,未分析,
nodejs,agentkeepalive,https://github.com/node-modules/agentkeepalive,未分析,
nodejs,aggregate-error,https://github.com/sindresorhus/aggregate-error,未分析,
nodejs,agora-rtm-sdk,https://docs.agora.io/en/signaling/overview/product-overview,未分析,
nodejs,ahooks,https://github.com/alibaba/hooks,未分析,
nodejs,ajv,https://github.com/ajv-validator/ajv,未分析,
nodejs,ajv-draft-04,https://github.com/ajv-validator/ajv-draft-04,未分析,
nodejs,ajv-formats,https://github.com/ajv-validator/ajv-formats,未分析,
nodejs,ajv-keywords,https://github.com/epoberezkin/ajv-keywords,未分析,
nodejs,ali-oss,https://github.com/ali-sdk/ali-oss,未分析,
nodejs,align-text,https://github.com/jonschlinkert/align-text,未分析,
nodejs,amdefine,https://github.com/jrburke/amdefine,未分析,
nodejs,animate.css,https://github.com/animate-css/animate.css,未分析,
nodejs,ansi-colors,https://github.com/doowb/ansi-colors,未分析,
nodejs,ansi-gray,https://github.com/jonschlinkert/ansi-gray,未分析,
nodejs,ansi-regex,https://github.com/chalk/ansi-regex,未分析,
nodejs,ansi-styles,https://github.com/chalk/ansi-styles,未分析,
nodejs,ansi-to-html,https://github.com/rburns/ansi-to-html,未分析,
nodejs,ansi-wrap,https://github.com/jonschlinkert/ansi-wrap,未分析,
nodejs,ant-rare-words-utils,https://code.alipay.com/rare-words/open-rare-words-utils,未分析,
nodejs,antd,https://github.com/ant-design/ant-design,未分析,
nodejs,any-base,https://github.com/HarasimowiczKamil/any-base,未分析,
nodejs,any-promise,https://github.com/kevinbeaty/any-promise,未分析,
nodejs,anymatch,https://github.com/micromatch/anymatch,未分析,
nodejs,app-root-path,https://github.com/inxilpro/node-app-root-path,未分析,
nodejs,append-buffer,https://github.com/doowb/append-buffer,未分析,
nodejs,applescript,,未分析(无仓),
nodejs,aproba,https://github.com/iarna/aproba,未分析,
nodejs,arch,https://github.com/feross/arch,未分析,
nodejs,archive-type,https://github.com/kevva/archive-type,未分析,
nodejs,archiver,https://github.com/archiverjs/node-archiver,未分析,
nodejs,archiver-utils,https://github.com/archiverjs/archiver-utils,未分析,
nodejs,archiver-zip-encryptable,https://github.com/ksoichiro/node-archiver-zip-encryptable,未分析,
nodejs,archy,https://github.com/substack/node-archy,未分析,
nodejs,are-we-there-yet,https://github.com/npm/are-we-there-yet,未分析,
nodejs,arg,https://github.com/vercel/arg,未分析,
nodejs,argparse,https://github.com/nodeca/argparse,未分析,
nodejs,argsarray,https://github.com/calvinmetcalf/argsarray,未分析,
nodejs,aria-query,https://github.com/A11yance/aria-query,未分析,
nodejs,arr-diff,https://github.com/jonschlinkert/arr-diff,未分析,
nodejs,arr-filter,https://github.com/jonschlinkert/arr-filter,未分析,
nodejs,arr-flatten,https://github.com/jonschlinkert/arr-flatten,未分析,
nodejs,arr-map,https://github.com/jonschlinkert/arr-map,未分析,
nodejs,arr-union,https://github.com/jonschlinkert/arr-union,未分析,
nodejs,array-back,https://github.com/75lb/array-back,未分析,
nodejs,array-buffer-byte-length,https://github.com/inspect-js/array-buffer-byte-length,未分析,
nodejs,array-each,https://github.com/jonschlinkert/array-each,未分析,
nodejs,array-flatten,https://github.com/blakeembrey/array-flatten,未分析,
nodejs,array-index,https://github.com/TooTallNate/array-index,未分析,
nodejs,array-initial,https://github.com/jonschlinkert/array-initial,未分析,
nodejs,array-last,https://github.com/jonschlinkert/array-last,未分析,
nodejs,array-slice,https://github.com/jonschlinkert/array-slice,未分析,
nodejs,array-sort,https://github.com/jonschlinkert/array-sort,未分析,
nodejs,array-union,https://github.com/sindresorhus/array-union,未分析,
nodejs,array-unique,https://github.com/jonschlinkert/array-unique,未分析,
nodejs,array.prototype.map,https://github.com/es-shims/Array.prototype.map,未分析,
nodejs,array.prototype.reduce,https://github.com/es-shims/Array.prototype.reduce,未分析,
nodejs,arraybuffer.prototype.slice,https://github.com/es-shims/ArrayBuffer.prototype.slice,未分析,
nodejs,arraybuffer.slice,https://github.com/rase-/arraybuffer.slice,未分析,
nodejs,asap,https://github.com/kriskowal/asap,未分析,
nodejs,asn1,https://github.com/joyent/node-asn1,未分析,
nodejs,assert,https://github.com/browserify/commonjs-assert,未分析,
nodejs,assert-ok,https://github.com/bendrucker/assert-ok,未分析,
nodejs,assert-plus,https://github.com/mcavage/node-assert-plus,未分析,
nodejs,assign-symbols,https://github.com/jonschlinkert/assign-symbols,未分析,
nodejs,ast-types,https://github.com/benjamn/ast-types,未分析,
nodejs,async-done,https://github.com/gulpjs/async-done,未分析,
nodejs,async-each,https://github.com/paulmillr/async-each,未分析,
nodejs,async-function,https://github.com/ljharb/async-function,未分析,
nodejs,async-limiter,https://github.com/strml/async-limiter,未分析,
nodejs,async-lock,https://github.com/rogierschouten/async-lock,未分析,
nodejs,async-mutex,https://github.com/DirtyHairy/async-mutex,未分析,
nodejs,async-retry,https://github.com/vercel/async-retry,未分析,
nodejs,async-settle,https://github.com/gulpjs/async-settle,未分析,
nodejs,async-validator,https://github.com/yiminghe/async-validator,未分析,
nodejs,asynckit,https://github.com/alexindigo/asynckit,未分析,
nodejs,at-least-node,https://github.com/RyanZim/at-least-node,未分析,
nodejs,atob,https://git.coolaj86.com/coolaj86/atob.js,未分析,
nodejs,atomic-sleep,https://github.com/davidmarkclements/atomic-sleep,未分析,
nodejs,atomically,https://github.com/fabiospampinato/atomically,未分析,
nodejs,auto-launch,https://github.com/4ver/node-auto-launch,未分析,
nodejs,autobind-decorator,https://github.com/andreypopp/autobind-decorator,未分析,
nodejs,autolinker,https://github.com/gregjacobs/Autolinker.js,未分析,
nodejs,available-typed-arrays,https://github.com/inspect-js/available-typed-arrays,未分析,
nodejs,await-notify,https://github.com/davidaq/node-await-notify,未分析,
nodejs,aws-sdk,https://github.com/aws/aws-sdk-js,未分析,
nodejs,aws-sign2,https://github.com/mikeal/aws-sign,未分析,
nodejs,aws4,https://github.com/mhart/aws4,未分析,
nodejs,axios-auth-refresh,https://github.com/Flyrell/axios-auth-refresh,未分析,
nodejs,axios-retry-x,https://github.com/softonic/axios-retry,未分析,
nodejs,b4a,https://github.com/holepunchto/b4a,未分析,
nodejs,babel-code-frame,https://github.com/babel/babel/tree/master,未分析,
nodejs,babel-core,https://github.com/babel/babel/tree/master,未分析,
nodejs,babel-generator,https://github.com/babel/babel/tree/master,未分析,
nodejs,babel-helper-bindify-decorators,https://github.com/babel/babel/tree/master,未分析,
nodejs,babel-helper-builder-binary-assignment-operator-visitor,https://github.com/babel/babel/tree/master,未分析,
nodejs,babel-helper-builder-react-jsx,https://github.com/babel/babel/tree/master,未分析,
nodejs,babel-helper-call-delegate,https://github.com/babel/babel/tree/master,未分析,
nodejs,babel-helper-define-map,https://github.com/babel/babel/tree/master,未分析,
nodejs,babel-helper-explode-assignable-expression,https://github.com/babel/babel/tree/master,未分析,
nodejs,babel-helper-explode-class,https://github.com/babel/babel/tree/master,未分析,
nodejs,babel-helper-function-name,https://github.com/babel/babel/tree/master,未分析,
nodejs,babel-helper-get-function-arity,https://github.com/babel/babel/tree/master,未分析,
nodejs,babel-helper-hoist-variables,https://github.com/babel/babel/tree/master,未分析,
nodejs,babel-helper-optimise-call-expression,https://github.com/babel/babel/tree/master,未分析,
nodejs,babel-helper-regex,https://github.com/babel/babel/tree/master,未分析,
nodejs,babel-helper-remap-async-to-generator,https://github.com/babel/babel/tree/master,未分析,
nodejs,babel-helper-replace-supers,https://github.com/babel/babel/tree/master,未分析,
nodejs,babel-helper-vue-jsx-merge-props,https://github.com/vuejs/babel-helper-vue-jsx-merge-props,未分析,
nodejs,babel-helpers,https://github.com/babel/babel/tree/master,未分析,
nodejs,babel-loader,https://github.com/babel/babel-loader,未分析,
nodejs,babel-messages,https://github.com/babel/babel/tree/master,未分析,
nodejs,babel-plugin-check-es2015-constants,https://github.com/babel/babel/tree/master,未分析,
nodejs,babel-plugin-polyfill-corejs2,https://github.com/babel/babel-polyfills/tree/HEAD/packages/babel-plugin-polyfill-corejs2,未分析,
nodejs,babel-plugin-polyfill-corejs3,https://github.com/babel/babel-polyfills/tree/HEAD/packages/babel-plugin-polyfill-corejs3,未分析,
nodejs,babel-plugin-polyfill-regenerator,https://github.com/babel/babel-polyfills/tree/HEAD/packages/babel-plugin-polyfill-regenerator,未分析,
nodejs,babel-plugin-syntax-async-functions,https://github.com/babel/babel/tree/master,未分析,
nodejs,babel-plugin-syntax-async-generators,https://github.com/babel/babel/tree/master,未分析,
nodejs,babel-plugin-syntax-class-constructor-call,https://github.com/babel/babel/tree/master,未分析,
nodejs,babel-plugin-syntax-class-properties,https://github.com/babel/babel/tree/master,未分析,
nodejs,babel-plugin-syntax-decorators,https://github.com/babel/babel/tree/master,未分析,
nodejs,babel-plugin-syntax-do-expressions,https://github.com/babel/babel/tree/master,未分析,
nodejs,babel-plugin-syntax-dynamic-import,https://github.com/babel/babel/tree/master,未分析,
nodejs,babel-plugin-syntax-exponentiation-operator,https://github.com/babel/babel/tree/master,未分析,
nodejs,babel-plugin-syntax-export-extensions,https://github.com/babel/babel/tree/master,未分析,
nodejs,babel-plugin-syntax-flow,https://github.com/babel/babel/tree/master,未分析,
nodejs,babel-plugin-syntax-function-bind,https://github.com/babel/babel/tree/master,未分析,
nodejs,babel-plugin-syntax-jsx,https://github.com/babel/babel/tree/master,未分析,
nodejs,babel-plugin-syntax-object-rest-spread,https://github.com/babel/babel/tree/master,未分析,
nodejs,babel-plugin-syntax-trailing-function-commas,https://github.com/babel/babel/tree/master,未分析,
nodejs,babel-plugin-transform-async-generator-functions,https://github.com/babel/babel/tree/master,未分析,
nodejs,babel-plugin-transform-async-to-generator,https://github.com/babel/babel/tree/master,未分析,
nodejs,babel-plugin-transform-class-constructor-call,https://github.com/babel/babel/tree/master,未分析,
nodejs,babel-plugin-transform-class-properties,https://github.com/babel/babel/tree/master,未分析,
nodejs,babel-plugin-transform-decorators,https://github.com/babel/babel/tree/master,未分析,
nodejs,babel-plugin-transform-do-expressions,https://github.com/babel/babel/tree/master,未分析,
nodejs,babel-plugin-transform-es2015-arrow-functions,https://github.com/babel/babel/tree/master,未分析,
nodejs,babel-plugin-transform-es2015-block-scoped-functions,https://github.com/babel/babel/tree/master,未分析,
nodejs,babel-plugin-transform-es2015-block-scoping,https://github.com/babel/babel/tree/master,未分析,
nodejs,babel-plugin-transform-es2015-classes,https://github.com/babel/babel/tree/master,未分析,
nodejs,babel-plugin-transform-es2015-computed-properties,https://github.com/babel/babel/tree/master,未分析,
nodejs,babel-plugin-transform-es2015-destructuring,https://github.com/babel/babel/tree/master,未分析,
nodejs,babel-plugin-transform-es2015-duplicate-keys,https://github.com/babel/babel/tree/master,未分析,
nodejs,babel-plugin-transform-es2015-for-of,https://github.com/babel/babel/tree/master,未分析,
nodejs,babel-plugin-transform-es2015-function-name,https://github.com/babel/babel/tree/master,未分析,
nodejs,babel-plugin-transform-es2015-literals,https://github.com/babel/babel/tree/master,未分析,
nodejs,babel-plugin-transform-es2015-modules-amd,https://github.com/babel/babel/tree/master,未分析,
nodejs,babel-plugin-transform-es2015-modules-commonjs,https://github.com/babel/babel/tree/master,未分析,
nodejs,babel-plugin-transform-es2015-modules-systemjs,https://github.com/babel/babel/tree/master,未分析,
nodejs,babel-plugin-transform-es2015-modules-umd,https://github.com/babel/babel/tree/master,未分析,
nodejs,babel-plugin-transform-es2015-object-super,https://github.com/babel/babel/tree/master,未分析,
nodejs,babel-plugin-transform-es2015-parameters,https://github.com/babel/babel/tree/master,未分析,
nodejs,babel-plugin-transform-es2015-shorthand-properties,https://github.com/babel/babel/tree/master,未分析,
nodejs,babel-plugin-transform-es2015-spread,https://github.com/babel/babel/tree/master,未分析,
nodejs,babel-plugin-transform-es2015-sticky-regex,https://github.com/babel/babel/tree/master,未分析,
nodejs,babel-plugin-transform-es2015-template-literals,https://github.com/babel/babel/tree/master,未分析,
nodejs,babel-plugin-transform-es2015-typeof-symbol,https://github.com/babel/babel/tree/master,未分析,
nodejs,babel-plugin-transform-es2015-unicode-regex,https://github.com/babel/babel/tree/master,未分析,
nodejs,babel-plugin-transform-exponentiation-operator,https://github.com/babel/babel/tree/master,未分析,
nodejs,babel-plugin-transform-export-extensions,https://github.com/babel/babel/tree/master,未分析,
nodejs,babel-plugin-transform-flow-strip-types,https://github.com/babel/babel/tree/master,未分析,
nodejs,babel-plugin-transform-function-bind,https://github.com/babel/babel/tree/master,未分析,
nodejs,babel-plugin-transform-object-rest-spread,https://github.com/babel/babel/tree/master,未分析,
nodejs,babel-plugin-transform-react-display-name,https://github.com/babel/babel/tree/master,未分析,
nodejs,babel-plugin-transform-react-jsx,https://github.com/babel/babel/tree/master,未分析,
nodejs,babel-plugin-transform-react-jsx-self,https://github.com/babel/babel/tree/master,未分析,
nodejs,babel-plugin-transform-react-jsx-source,https://github.com/babel/babel/tree/master,未分析,
nodejs,babel-plugin-transform-regenerator,https://github.com/babel/babel/tree/master,未分析,
nodejs,babel-plugin-transform-strict-mode,https://github.com/babel/babel/tree/master,未分析,
nodejs,babel-preset-es2015,https://github.com/babel/babel/tree/master,未分析,
nodejs,babel-preset-flow,https://github.com/babel/babel/tree/master,未分析,
nodejs,babel-preset-react,https://github.com/babel/babel/tree/master,未分析,
nodejs,babel-preset-stage-0,https://github.com/babel/babel/tree/master,未分析,
nodejs,babel-preset-stage-1,https://github.com/babel/babel/tree/master,未分析,
nodejs,babel-preset-stage-2,https://github.com/babel/babel/tree/master,未分析,
nodejs,babel-preset-stage-3,https://github.com/babel/babel/tree/master,未分析,
nodejs,babel-register,https://github.com/babel/babel/tree/master,未分析,
nodejs,babel-runtime,https://github.com/babel/babel/tree/master,未分析,
nodejs,babel-template,https://github.com/babel/babel/tree/master,未分析,
nodejs,babel-traverse,https://github.com/babel/babel/tree/master,未分析,
nodejs,babel-types,https://github.com/babel/babel/tree/master,未分析,
nodejs,babylon,https://github.com/babel/babylon,未分析,
nodejs,bach,https://github.com/gulpjs/bach,未分析,
nodejs,backo2,https://github.com/mokesmokes/backo,未分析,
nodejs,bail,https://github.com/wooorm/bail,未分析,
nodejs,balanced-match,https://github.com/juliangruber/balanced-match,未分析,
nodejs,base,https://github.com/node-base/base,未分析,
nodejs,base62,https://github.com/base62/base62.js,未分析,
nodejs,base64-arraybuffer,https://github.com/niklasvh/base64-arraybuffer,未分析,
nodejs,base64-arraybuffer-es6,https://github.com/brettz9/base64-arraybuffer,未分析,
nodejs,base64-js,https://github.com/beatgammit/base64-js,未分析,
nodejs,base64url,https://github.com/brianloveswords/base64url,未分析,
nodejs,basic-auth,https://github.com/jshttp/basic-auth,未分析,
nodejs,basic-ftp,https://github.com/patrickjuchli/basic-ftp,未分析,
nodejs,baz,https://github.com/stanzheng/baz,未分析,
nodejs,beep-boop,,未分析(无仓),
nodejs,benz-amr-recorder,https://github.com/BenzLeung/benz-amr-recorder,未分析,
nodejs,benz-recorderjs,https://github.com/BenzLeung/Recorderjs,未分析,
nodejs,bezier-easing,https://github.com/gre/bezier-easing,未分析,
nodejs,big-integer,https://github.com/peterolson/BigInteger.js,未分析,
nodejs,big.js,https://github.com/MikeMcl/big.js,未分析,
nodejs,binary,https://github.com/substack/node-binary,未分析,
nodejs,binary-extensions,https://github.com/sindresorhus/binary-extensions,未分析,
nodejs,bitwise-xor,https://github.com/czzarr/node-bitwise-xor,未分析,
nodejs,bl,https://github.com/rvagg/bl,未分析,
nodejs,blob,https://github.com/amitport/blob,未分析,
nodejs,bluebird,https://github.com/petkaantonov/bluebird,未分析,
nodejs,bluebird-lst,https://github.com/develar/fs-extra-p,未分析,
nodejs,bmp-js,https://github.com/shaozilee/bmp-js,未分析,
nodejs,bn.js,https://github.com/indutny/bn.js,未分析,
nodejs,body-parser,https://github.com/expressjs/body-parser,未分析,
nodejs,bootstrap,https://github.com/twbs/bootstrap,未分析,
nodejs,bootstrap-less,https://github.com/distros/bootstrap-less,未分析,
nodejs,bowser,https://github.com/bowser-js/bowser,未分析,
nodejs,brace-expansion,https://github.com/juliangruber/brace-expansion,未分析,
nodejs,braces,https://github.com/micromatch/braces,未分析,
nodejs,brorand,https://github.com/indutny/brorand,未分析,
nodejs,browser-or-node,https://github.com/flexdinesh/browser-or-node,未分析,
nodejs,browser-stdout,https://github.com/kumavis/browser-stdout,未分析,
nodejs,browser_field,,未分析(无仓),
nodejs,browserify-aes,https://github.com/crypto-browserify/browserify-aes,未分析,
nodejs,browserify-zlib,https://github.com/devongovett/browserify-zlib,未分析,
nodejs,browserslist,https://github.com/browserslist/browserslist,未分析,
nodejs,buffer,https://github.com/feross/buffer,未分析,
nodejs,buffer-alloc,https://github.com/LinusU/buffer-alloc,未分析,
nodejs,buffer-alloc-unsafe,https://github.com/LinusU/buffer-alloc-unsafe,未分析,
nodejs,buffer-crc32,https://github.com/brianloveswords/buffer-crc32,未分析,
nodejs,buffer-equal,https://github.com/inspect-js/buffer-equal,未分析,
nodejs,buffer-fill,https://github.com/LinusU/buffer-fill,未分析,
nodejs,buffer-from,https://github.com/LinusU/buffer-from,未分析,
nodejs,buffer-indexof,https://github.com/soldair/node-buffer-indexof,未分析,
nodejs,buffer-indexof-polyfill,https://github.com/sarosia/buffer-indexof-polyfill,未分析,
nodejs,buffers,https://github.com/substack/node-buffers,未分析,
nodejs,builder-util-runtime,https://github.com/electron-userland/electron-builder/tree/HEAD/packages/builder-util-runtime,未分析,
nodejs,builtin-status-codes,https://github.com/bendrucker/builtin-status-codes,未分析,
nodejs,bundle-name,https://github.com/sindresorhus/bundle-name,未分析,
nodejs,bytenode,https://github.com/bytenode/bytenode,未分析,
nodejs,bytes,https://github.com/visionmedia/bytes.js,未分析,
nodejs,cacache,https://github.com/npm/cacache,未分析,
nodejs,cache-base,https://github.com/jonschlinkert/cache-base,未分析,
nodejs,cache-content-type,https://github.com/node-modules/cache-content-type,未分析,
nodejs,cacheable-lookup,https://github.com/szmarczak/cacheable-lookup,未分析,
nodejs,cacheable-request,https://github.com/jaredwray/cacheable/tree/HEAD/packages/cacheable-request,未分析,
nodejs,call-bind,https://github.com/ljharb/call-bind,未分析,
nodejs,call-bind-apply-helpers,https://github.com/ljharb/call-bind-apply-helpers,未分析,
nodejs,call-bound,https://github.com/ljharb/call-bound,未分析,
nodejs,camelcase,https://github.com/sindresorhus/camelcase,未分析,
nodejs,caniuse-lite,https://github.com/browserslist/caniuse-lite,未分析,
nodejs,canvas-exif-orientation,https://github.com/koba04/canvas-exif-orientation,未分析,
nodejs,caseless,https://github.com/mikeal/caseless,未分析,
nodejs,cast-array,https://github.com/bendrucker/cast-array,未分析,
nodejs,catering,https://github.com/vweevers/catering,未分析,
nodejs,ccount,https://github.com/wooorm/ccount,未分析,
nodejs,ccwork-pc,,未分析(无仓),
nodejs,center-align,https://github.com/jonschlinkert/center-align,未分析,
nodejs,centra,https://github.com/ethanent/centra,未分析,
nodejs,chain-function,https://github.com/jquense/chain-function,未分析,
nodejs,chainsaw,https://github.com/substack/node-chainsaw,未分析,
nodejs,chalk,https://github.com/chalk/chalk,未分析,
nodejs,chapter-renderer-dxk,,未分析(无仓),
nodejs,character-entities,https://github.com/wooorm/character-entities,未分析,
nodejs,chardet,https://github.com/runk/node-chardet,未分析,
nodejs,charenc,https://github.com/pvorb/node-charenc,未分析,
nodejs,chatglm,https://github.com/tangshuang/chatglm,未分析,
nodejs,check-disk-space,https://github.com/Alex-D/check-disk-space,未分析,
nodejs,cheerio,https://github.com/cheeriojs/cheerio,未分析,
nodejs,cheerio-select,https://github.com/cheeriojs/cheerio-select,未分析,
nodejs,chinese2num,https://github.com/fagougou/chinese2number,未分析,
nodejs,chokidar,https://github.com/paulmillr/chokidar,未分析,
nodejs,chownr,https://github.com/isaacs/chownr,未分析,
nodejs,chrome-launcher,https://github.com/GoogleChrome/chrome-launcher,未分析,
nodejs,chromium-net-errors,https://github.com/maxkueng/chromium-net-errors,未分析,
nodejs,cjs2esmodule,https://github.com/ma125120/cjs2esmodule,未分析,
nodejs,class-utils,https://github.com/jonschlinkert/class-utils,未分析,
nodejs,classnames,https://github.com/JedWatson/classnames,未分析,
nodejs,clean-stack,https://github.com/sindresorhus/clean-stack,未分析,
nodejs,cli-cursor,https://github.com/sindresorhus/cli-cursor,未分析,
nodejs,cli-highlight,https://github.com/felixfbecker/cli-highlight,未分析,
nodejs,cli-spinners,https://github.com/sindresorhus/cli-spinners,未分析,
nodejs,clipboard-files-dxk,,未分析(无仓),
nodejs,clipboardy,https://github.com/sindresorhus/clipboardy,未分析,
nodejs,cliui,https://github.com/yargs/cliui,未分析,
nodejs,clone,https://github.com/pvorb/node-clone,未分析,
nodejs,clone-buffer,https://github.com/gulpjs/clone-buffer,未分析,
nodejs,clone-response,https://github.com/sindresorhus/clone-response,未分析,
nodejs,clone-stats,https://github.com/hughsk/clone-stats,未分析,
nodejs,cloneable-readable,https://github.com/mcollina/cloneable-readable,未分析,
nodejs,cloud-plus,,未分析(无仓),
nodejs,cls-bluebird,https://github.com/TimBeyer/cls-bluebird,未分析,
nodejs,clsx,https://github.com/lukeed/clsx,未分析,
nodejs,clusterize.js,https://github.com/NeXTs/Clusterize.js,未分析,
nodejs,co,https://github.com/tj/co,未分析,
nodejs,co-defer,https://github.com/cojs/defer,未分析,
nodejs,code-point-at,https://github.com/sindresorhus/code-point-at,未分析,
nodejs,codemirror,https://github.com/codemirror/basic-setup,未分析,
nodejs,collection-map,https://github.com/jonschlinkert/collection-map,未分析,
nodejs,collection-visit,https://github.com/jonschlinkert/collection-visit,未分析,
nodejs,color,https://github.com/Qix-/color,未分析,
nodejs,color-convert,https://github.com/Qix-/color-convert,未分析,
nodejs,color-name,https://github.com/colorjs/color-name,未分析,
nodejs,color-string,https://github.com/Qix-/color-string,未分析,
nodejs,color-support,https://github.com/isaacs/color-support,未分析,
nodejs,colors,https://github.com/Marak/colors.js,未分析,
nodejs,colorspace,https://github.com/3rd-Eden/colorspace,未分析,
nodejs,combined-stream,https://github.com/felixge/node-combined-stream,未分析,
nodejs,comlink,https://github.com/GoogleChromeLabs/comlink,未分析,
nodejs,command-line-args,https://github.com/75lb/command-line-args,未分析,
nodejs,command-line-usage,https://github.com/75lb/command-line-usage,未分析,
nodejs,commander,https://github.com/tj/commander.js,未分析,
nodejs,commondir,https://github.com/substack/node-commondir,未分析,
nodejs,commoner,https://github.com/benjamn/commoner,未分析,
nodejs,component-bind,https://github.com/component/bind,未分析,
nodejs,component-emitter,https://github.com/sindresorhus/component-emitter,未分析,
nodejs,component-inherit,https://github.com/component/inherit,未分析,
nodejs,compress-commons,https://github.com/archiverjs/node-compress-commons,未分析,
nodejs,compressible,https://github.com/jshttp/compressible,未分析,
nodejs,compressing,https://github.com/node-modules/compressing,未分析,
nodejs,compression,https://github.com/expressjs/compression,未分析,
nodejs,compressorjs,https://github.com/fengyuanchen/compressorjs,未分析,
nodejs,compute-scroll-into-view,https://github.com/scroll-into-view/compute-scroll-into-view,未分析,
nodejs,concat-map,https://github.com/ljharb/concat-map,未分析,
nodejs,concat-stream,https://github.com/maxogden/concat-stream,未分析,
nodejs,conf,https://github.com/sindresorhus/conf,未分析,
nodejs,conf-atomically,https://github.com/jurepetrovic/conf-atomically,未分析,
nodejs,config-chain,https://github.com/dominictarr/config-chain,未分析,
nodejs,connect,https://github.com/senchalabs/connect,未分析,
nodejs,connection-parse,https://github.com/3rd-Eden/connection-parse,未分析,
nodejs,console-browserify,https://github.com/browserify/console-browserify,未分析,
nodejs,console-control-strings,https://github.com/iarna/console-control-strings,未分析,
nodejs,constants-browserify,https://github.com/juliangruber/constants-browserify,未分析,
nodejs,content-disposition,https://github.com/jshttp/content-disposition,未分析,
nodejs,content-type,https://github.com/jshttp/content-type,未分析,
nodejs,convert-source-map,https://github.com/thlorenz/convert-source-map,未分析,
nodejs,cookie,https://github.com/jshttp/cookie,未分析,
nodejs,cookie-parser,https://github.com/expressjs/cookie-parser,未分析,
nodejs,cookie-signature,https://github.com/visionmedia/node-cookie-signature,未分析,
nodejs,cookiejar,https://github.com/bmeck/node-cookiejar,未分析,
nodejs,cookies,https://github.com/pillarjs/cookies,未分析,
nodejs,copy-descriptor,https://github.com/jonschlinkert/copy-descriptor,未分析,
nodejs,copy-props,https://github.com/gulpjs/copy-prop,未分析,
nodejs,copy-to,https://github.com/node-modules/copy-to,未分析,
nodejs,copy-to-clipboard,https://github.com/sudodoki/copy-to-clipboard,未分析,
nodejs,copy-webpack-plugin,https://github.com/webpack/copy-webpack-plugin,未分析,
nodejs,copyfiles,https://github.com/calvinmetcalf/copyfiles,未分析,
nodejs,core-js,https://github.com/zloirock/core-js/tree/HEAD/packages/core-js,未分析,
nodejs,core-js-compat,https://github.com/zloirock/core-js/tree/HEAD/packages/core-js-compat,未分析,
nodejs,core-util-is,https://github.com/isaacs/core-util-is,未分析,
nodejs,CorpLink,,未分析(无仓),
nodejs,cors,https://github.com/expressjs/cors,未分析,
nodejs,corser,https://github.com/agrueneberg/Corser,未分析,
nodejs,couchdb-calculate-session-id,https://github.com/hoodiehq/couchdb-calculate-session-id,未分析,
nodejs,couchdb-eval,https://github.com/pouchdb/pouchdb-server,未分析,
nodejs,couchdb-objects,https://github.com/pouchdb/pouchdb-server,未分析,
nodejs,couchdb-render,https://github.com/pouchdb/pouchdb-server,未分析,
nodejs,couchdb-resp-completer,https://github.com/pouchdb/pouchdb-server,未分析,
nodejs,countries-and-timezones,https://github.com/manuelmhtr/countries-and-timezones,未分析,
nodejs,crc,https://github.com/alexgorbatchev/crc,未分析,
nodejs,crc-32,https://github.com/SheetJS/js-crc32,未分析,
nodejs,crc32-stream,https://github.com/archiverjs/node-crc32-stream,未分析,
nodejs,crc64-ecma182.js,https://github.com/souche-koumakan/crc64-ecma182.js,未分析,
nodejs,create-react-class,https://github.com/facebook/react,未分析,
nodejs,create-require,https://github.com/nuxt-contrib/create-require,未分析,
nodejs,cron,https://github.com/kelektiv/node-cron,未分析,
nodejs,cron-parser,https://github.com/harrisiirak/cron-parser,未分析,
nodejs,croner,https://github.com/hexagon/croner,未分析,
nodejs,cross-fetch,https://github.com/lquixada/cross-fetch,未分析,
nodejs,cross-spawn,https://github.com/moxystudio/node-cross-spawn,未分析,
nodejs,cross-var,https://github.com/elijahmanor/cross-var,未分析,
nodejs,crypt,https://github.com/pvorb/node-crypt,未分析,
nodejs,crypto,https://github.com/npm/deprecate-holder,未分析,
nodejs,crypto-browserify,https://github.com/browserify/crypto-browserify,未分析,
nodejs,crypto-lite,https://github.com/litejs/crypto-lite,未分析,
nodejs,crypto-random-string,https://github.com/sindresorhus/crypto-random-string,未分析,
nodejs,css-box-model,https://github.com/alexreardon/css-box-model,未分析,
nodejs,css-line-break,https://github.com/niklasvh/css-line-break,未分析,
nodejs,css-shorthand-properties,https://github.com/gilmoreorless/css-shorthand-properties,未分析,
nodejs,css-value,https://github.com/visionmedia/css-value,未分析,
nodejs,cssfilter,https://github.com/leizongmin/js-css-filter,未分析,
nodejs,csstype,https://github.com/frenic/csstype,未分析,
nodejs,csv-parser,https://github.com/mafintosh/csv-parser,未分析,
nodejs,cwise-compiler,https://github.com/scijs/cwise-compiler,未分析,
nodejs,cyclist,https://github.com/mafintosh/cyclist,未分析,
nodejs,d,https://github.com/medikoo/d,未分析,
nodejs,danmu.js,https://github.com/bytedance/danmu.js,未分析,
nodejs,dashdash,https://github.com/trentm/node-dashdash,未分析,
nodejs,data-uri-to-buffer,https://github.com/TooTallNate/proxy-agents/tree/HEAD/packages/data-uri-to-buffer,未分析,
nodejs,data-view-buffer,https://github.com/inspect-js/data-view-buffer,未分析,
nodejs,data-view-byte-length,https://github.com/inspect-js/data-view-byte-length,未分析,
nodejs,data-view-byte-offset,https://github.com/inspect-js/data-view-byte-offset,未分析,
nodejs,date-fns,https://github.com/date-fns/date-fns,未分析,
nodejs,date-format,https://github.com/nomiddlename/date-format,未分析,
nodejs,dateformat,https://github.com/felixge/node-dateformat,未分析,
nodejs,dbly-linked-list,https://github.com/jasonsjones/doubly-linked-list,未分析,
nodejs,debounce-fn,https://github.com/sindresorhus/debounce-fn,未分析,
nodejs,debounce-promise,https://github.com/bjoerge/debounce-promise,未分析,
nodejs,decamelize,https://github.com/sindresorhus/decamelize,未分析,
nodejs,decode-bmp,https://github.com/LinusU/decode-bmp,未分析,
nodejs,decode-ico,https://github.com/LinusU/decode-ico,未分析,
nodejs,decode-named-character-reference,https://github.com/wooorm/decode-named-character-reference,未分析,
nodejs,decode-uri-component,https://github.com/SamVerschueren/decode-uri-component,未分析,
nodejs,decompress,https://github.com/kevva/decompress,未分析,
nodejs,decompress-response,https://github.com/sindresorhus/decompress-response,未分析,
nodejs,decompress-tar,https://github.com/kevva/decompress-tar,未分析,
nodejs,decompress-tarbz2,https://github.com/kevva/decompress-tarbz2,未分析,
nodejs,decompress-targz,https://github.com/kevva/decompress-targz,未分析,
nodejs,decompress-unzip,https://github.com/kevva/decompress-unzip,未分析,
nodejs,decompress-zip,https://github.com/bower/decompress-zip,未分析,
nodejs,deep-equal,https://github.com/inspect-js/node-deep-equal,未分析,
nodejs,deep-extend,https://github.com/unclechu/node-deep-extend,未分析,
nodejs,deep-freeze,https://github.com/substack/deep-freeze,未分析,
nodejs,deep-is,https://github.com/thlorenz/deep-is,未分析,
nodejs,deepcopy,https://github.com/sasaplus1/deepcopy.js,未分析,
nodejs,deepmerge,https://github.com/TehShrike/deepmerge,未分析,
nodejs,default-browser,https://github.com/sindresorhus/default-browser,未分析,
nodejs,default-browser-id,https://github.com/sindresorhus/default-browser-id,未分析,
nodejs,default-compare,https://github.com/doowb/default-compare,未分析,
nodejs,default-gateway,https://github.com/silverwind/default-gateway,未分析,
nodejs,default-resolution,https://github.com/gulpjs/default-resolution,未分析,
nodejs,default-shell,https://github.com/sindresorhus/default-shell,未分析,
nodejs,default-user-agent,https://github.com/node-modules/default-user-agent,未分析,
nodejs,defaults,https://github.com/sindresorhus/node-defaults,未分析,
nodejs,defer-to-connect,https://github.com/szmarczak/defer-to-connect,未分析,
nodejs,deferred-leveldown,https://github.com/Level/deferred-leveldown,未分析,
nodejs,define-data-property,https://github.com/ljharb/define-data-property,未分析,
nodejs,define-lazy-prop,https://github.com/sindresorhus/define-lazy-prop,未分析,
nodejs,define-properties,https://github.com/ljharb/define-properties,未分析,
nodejs,define-property,https://github.com/jonschlinkert/define-property,未分析,
nodejs,defined,https://github.com/inspect-js/defined,未分析,
nodejs,degenerator,https://github.com/TooTallNate/proxy-agents/tree/HEAD/packages/degenerator,未分析,
nodejs,del,https://github.com/sindresorhus/del,未分析,
nodejs,delayed-stream,https://github.com/felixge/node-delayed-stream,未分析,
nodejs,delegates,https://github.com/visionmedia/node-delegates,未分析,
nodejs,denodeify,https://github.com/matthew-andrews/denodeify,未分析,
nodejs,depd,https://github.com/dougwilson/nodejs-depd,未分析,
nodejs,dequal,https://github.com/lukeed/dequal,未分析,
nodejs,destroy,https://github.com/stream-utils/destroy,未分析,
nodejs,detect-file,https://github.com/doowb/detect-file,未分析,
nodejs,detect-indent,https://github.com/sindresorhus/detect-indent,未分析,
nodejs,detect-libc,https://github.com/lovell/detect-libc,未分析,
nodejs,detect-port,https://github.com/node-modules/detect-port,未分析,
nodejs,detective,https://github.com/browserify/detective,未分析,
nodejs,dev-null,https://github.com/thlorenz/dev-null,未分析,
nodejs,devlop,https://github.com/wooorm/devlop,未分析,
nodejs,devtools,https://github.com/webdriverio/webdriverio/tree/HEAD/packages/devtools,未分析,
nodejs,devtools-protocol,https://github.com/ChromeDevTools/devtools-protocol,未分析,
nodejs,devtron,https://github.com/electron/devtron,未分析,
nodejs,dexie,https://github.com/dexie/Dexie.js,未分析,
nodejs,diff,https://github.com/kpdecker/jsdiff,未分析,
nodejs,diff-match-patch,https://github.com/JackuB/diff-match-patch,未分析,
nodejs,digest-header,https://github.com/node-modules/digest-header,未分析,
nodejs,dijkstrajs,https://github.com/tcort/dijkstrajs,未分析,
nodejs,dingbat-to-unicode,https://github.com/mwilliamson/dingbat-to-unicode,未分析,
nodejs,dir-glob,https://github.com/kevva/dir-glob,未分析,
nodejs,directory-tree,https://github.com/mihneadb/node-directory-tree,未分析,
nodejs,diskusage-ng,https://github.com/iximiuz/node-diskusage-ng,未分析,
nodejs,disposablestack,https://github.com/es-shims/DisposableStack,未分析,
nodejs,dns-equal,https://github.com/watson/dns-equal,未分析,
nodejs,dns-packet,https://github.com/mafintosh/dns-packet,未分析,
nodejs,dns-txt,https://github.com/watson/dns-txt,未分析,
nodejs,docx,https://github.com/dolanmiu/docx,未分析,
nodejs,dom-helpers,https://github.com/react-bootstrap/dom-helpers,未分析,
nodejs,dom-helpers/activeElement,https://github.com/react-bootstrap/dom-helpers,未分析,
nodejs,dom-helpers/addClass,https://github.com/react-bootstrap/dom-helpers,未分析,
nodejs,dom-helpers/addEventListener,https://github.com/react-bootstrap/dom-helpers,未分析,
nodejs,dom-helpers/animate,https://github.com/react-bootstrap/dom-helpers,未分析,
nodejs,dom-helpers/animationFrame,https://github.com/react-bootstrap/dom-helpers,未分析,
nodejs,dom-helpers/attribute,https://github.com/react-bootstrap/dom-helpers,未分析,
nodejs,dom-helpers/camelize,https://github.com/react-bootstrap/dom-helpers,未分析,
nodejs,dom-helpers/camelizeStyle,https://github.com/react-bootstrap/dom-helpers,未分析,
nodejs,dom-helpers/canUseDOM,https://github.com/react-bootstrap/dom-helpers,未分析,
nodejs,dom-helpers/childElements,https://github.com/react-bootstrap/dom-helpers,未分析,
nodejs,dom-helpers/childNodes,https://github.com/react-bootstrap/dom-helpers,未分析,
nodejs,dom-helpers/clear,https://github.com/react-bootstrap/dom-helpers,未分析,
nodejs,dom-helpers/closest,https://github.com/react-bootstrap/dom-helpers,未分析,
nodejs,dom-helpers/collectElements,https://github.com/react-bootstrap/dom-helpers,未分析,
nodejs,dom-helpers/collectSiblings,https://github.com/react-bootstrap/dom-helpers,未分析,
nodejs,dom-helpers/contains,https://github.com/react-bootstrap/dom-helpers,未分析,
nodejs,dom-helpers/css,https://github.com/react-bootstrap/dom-helpers,未分析,
nodejs,dom-helpers/filterEventHandler,https://github.com/react-bootstrap/dom-helpers,未分析,
nodejs,dom-helpers/getComputedStyle,https://github.com/react-bootstrap/dom-helpers,未分析,
nodejs,dom-helpers/getScrollAccessor,https://github.com/react-bootstrap/dom-helpers,未分析,
nodejs,dom-helpers/hasClass,https://github.com/react-bootstrap/dom-helpers,未分析,
nodejs,dom-helpers/height,https://github.com/react-bootstrap/dom-helpers,未分析,
nodejs,dom-helpers/hyphenate,https://github.com/react-bootstrap/dom-helpers,未分析,
nodejs,dom-helpers/hyphenateStyle,https://github.com/react-bootstrap/dom-helpers,未分析,
nodejs,dom-helpers/insertAfter,https://github.com/react-bootstrap/dom-helpers,未分析,
nodejs,dom-helpers/isDocument,https://github.com/react-bootstrap/dom-helpers,未分析,
nodejs,dom-helpers/isInput,https://github.com/react-bootstrap/dom-helpers,未分析,
nodejs,dom-helpers/isTransform,https://github.com/react-bootstrap/dom-helpers,未分析,
nodejs,dom-helpers/isVisible,https://github.com/react-bootstrap/dom-helpers,未分析,
nodejs,dom-helpers/isWindow,https://github.com/react-bootstrap/dom-helpers,未分析,
nodejs,dom-helpers/listen,https://github.com/react-bootstrap/dom-helpers,未分析,
nodejs,dom-helpers/matches,https://github.com/react-bootstrap/dom-helpers,未分析,
nodejs,dom-helpers/nextUntil,https://github.com/react-bootstrap/dom-helpers,未分析,
nodejs,dom-helpers/offset,https://github.com/react-bootstrap/dom-helpers,未分析,
nodejs,dom-helpers/offsetParent,https://github.com/react-bootstrap/dom-helpers,未分析,
nodejs,dom-helpers/ownerDocument,https://github.com/react-bootstrap/dom-helpers,未分析,
nodejs,dom-helpers/ownerWindow,https://github.com/react-bootstrap/dom-helpers,未分析,
nodejs,dom-helpers/parents,https://github.com/react-bootstrap/dom-helpers,未分析,
nodejs,dom-helpers/position,https://github.com/react-bootstrap/dom-helpers,未分析,
nodejs,dom-helpers/prepend,https://github.com/react-bootstrap/dom-helpers,未分析,
nodejs,dom-helpers/querySelectorAll,https://github.com/react-bootstrap/dom-helpers,未分析,
nodejs,dom-helpers/remove,https://github.com/react-bootstrap/dom-helpers,未分析,
nodejs,dom-helpers/removeClass,https://github.com/react-bootstrap/dom-helpers,未分析,
nodejs,dom-helpers/removeEventListener,https://github.com/react-bootstrap/dom-helpers,未分析,
nodejs,dom-helpers/scrollbarSize,https://github.com/react-bootstrap/dom-helpers,未分析,
nodejs,dom-helpers/scrollLeft,https://github.com/react-bootstrap/dom-helpers,未分析,
nodejs,dom-helpers/scrollParent,https://github.com/react-bootstrap/dom-helpers,未分析,
nodejs,dom-helpers/scrollTo,https://github.com/react-bootstrap/dom-helpers,未分析,
nodejs,dom-helpers/scrollTop,https://github.com/react-bootstrap/dom-helpers,未分析,
nodejs,dom-helpers/siblings,https://github.com/react-bootstrap/dom-helpers,未分析,
nodejs,dom-helpers/text,https://github.com/react-bootstrap/dom-helpers,未分析,
nodejs,dom-helpers/toggleClass,https://github.com/react-bootstrap/dom-helpers,未分析,
nodejs,dom-helpers/transitionEnd,https://github.com/react-bootstrap/dom-helpers,未分析,
nodejs,dom-helpers/triggerEvent,https://github.com/react-bootstrap/dom-helpers,未分析,
nodejs,dom-helpers/width,https://github.com/react-bootstrap/dom-helpers,未分析,
nodejs,dom-walk,https://github.com/Raynos/dom-walk,未分析,
nodejs,domain-browser,https://github.com/bevry/domain-browser,未分析,
nodejs,dompurify,https://github.com/cure53/DOMPurify,未分析,
nodejs,dot-prop,https://github.com/sindresorhus/dot-prop,未分析,
nodejs,dotenv,https://github.com/motdotla/dotenv,未分析,
nodejs,dottie,https://github.com/mickhansen/dottie.js,未分析,
nodejs,doubao,,未分析(无仓),
nodejs,double-ended-queue,https://github.com/petkaantonov/deque,未分析,
nodejs,download,https://github.com/kevva/download,未分析,
nodejs,downloadjs,https://github.com/rndme/download,未分析,
nodejs,duck,https://github.com/mwilliamson/duck.js,未分析,
nodejs,dunder-proto,https://github.com/es-shims/dunder-proto,未分析,
nodejs,duplexer2,https://github.com/deoxxa/duplexer2,未分析,
nodejs,duplexer3,https://github.com/sindresorhus/duplexer3,未分析,
nodejs,duplexify,https://github.com/mafintosh/duplexify,未分析,
nodejs,dxk-vue3-hash-calendar,,未分析(无仓),
nodejs,e-mobile,,未分析(无仓),
nodejs,each-props,https://github.com/gulpjs/each-props,未分析,
nodejs,eachr,https://github.com/bevry/eachr,未分析,
nodejs,easemob-websdk,,未分析(无仓),
nodejs,eastasianwidth,https://github.com/komagata/eastasianwidth,未分析,
nodejs,easy-stack,https://github.com/RIAEvangelist/easy-stack,未分析,
nodejs,ecc-jsbn,https://github.com/quartzjer/ecc-jsbn,未分析,
nodejs,echarts,https://github.com/apache/echarts,未分析,
nodejs,edge-cs,https://github.com/tjanczuk/edge-cs,未分析,
nodejs,editions,https://github.com/bevry/editions,未分析,
nodejs,ee-first,https://github.com/jonathanong/ee-first,未分析,
nodejs,electron-better-ipc,https://github.com/sindresorhus/electron-better-ipc,未分析,
nodejs,electron-browser-storage,https://github.com/jerry1100/electron-browser-storage,未分析,
nodejs,electron-builder,https://github.com/electron-userland/electron-builder/tree/HEAD/packages/electron-builder,未分析,
nodejs,electron-builder-http,https://github.com/electron-userland/electron-builder,未分析,
nodejs,electron-chromedriver,https://github.com/electron/chromedriver,未分析,
nodejs,electron-debug,https://github.com/sindresorhus/electron-debug,未分析,
nodejs,electron-dl,https://github.com/sindresorhus/electron-dl,未分析,
nodejs,electron-drag-window,https://github.com/TyphonEX/electron-drag-window,未分析,
nodejs,electron-fetch,https://github.com/arantes555/electron-fetch,未分析,
nodejs,electron-is,https://github.com/delvedor/electron-is,未分析,
nodejs,electron-is-accelerator,https://github.com/brrd/electron-is-accelerator,未分析,
nodejs,electron-is-dev,https://github.com/sindresorhus/electron-is-dev,未分析,
nodejs,electron-localshortcut,https://github.com/parro-it/electron-localshortcut,未分析,
nodejs,electron-log,https://github.com/megahertz/electron-log,未分析,
nodejs,electron-module-apphubsdk,,未分析(无仓),
nodejs,electron-positioner,https://github.com/jenslind/electron-positioner,未分析,
nodejs,electron-process-manager,https://github.com/getstation/electron-process-manager,未分析,
nodejs,electron-process-reporter,,未分析(无仓),
nodejs,electron-request,,未分析(无仓),
nodejs,electron-screenshots,https://github.com/nashaofu/screenshots,未分析,
nodejs,electron-settings,https://github.com/nathanbuchar/electron-settings,未分析,
nodejs,electron-squirrel-startup,https://github.com/mongodb-js/electron-squirrel-startup,未分析,
nodejs,electron-store,https://github.com/sindresorhus/electron-store,未分析,
nodejs,electron-to-chromium,https://github.com/Kilian/electron-to-chromium,未分析,
nodejs,electron-unhandled,https://github.com/sindresorhus/electron-unhandled,未分析,
nodejs,electron-updater,https://github.com/electron-userland/electron-builder/tree/HEAD/packages/electron-updater,未分析,
nodejs,electron-util,https://github.com/sindresorhus/electron-util,未分析,
nodejs,electron-webcontents-shortcut,https://github.com/Auhnip/electron-webcontent-shortcut,未分析,
nodejs,electron-window,https://github.com/jprichardson/electron-window,未分析,
nodejs,electron-window-state,https://github.com/mawie81/electron-window-state,未分析,
nodejs,element-plus,https://github.com/element-plus/element-plus,未分析,
nodejs,element-ui,https://github.com/ElemeFE/element,未分析,
nodejs,elevate,https://github.com/stamen/elevate,未分析,
nodejs,elliptic,https://github.com/indutny/elliptic,未分析,
nodejs,emoji-regex,https://github.com/mathiasbynens/emoji-regex,未分析,
nodejs,emojis-list,https://github.com/kikobeats/emojis-list,未分析,
nodejs,enabled,https://github.com/3rd-Eden/enabled,未分析,
nodejs,encode-utf8,https://github.com/LinusU/encode-utf8,未分析,
nodejs,encodeurl,https://github.com/pillarjs/encodeurl,未分析,
nodejs,encoding,https://github.com/andris9/encoding,未分析,
nodejs,encoding-down,https://github.com/Level/encoding-down,未分析,
nodejs,encoding-sniffer,https://github.com/fb55/encoding-sniffer,未分析,
nodejs,end-of-stream,https://github.com/mafintosh/end-of-stream,未分析,
nodejs,end-or-error,https://github.com/stream-utils/end-or-error,未分析,
nodejs,end-stream,https://github.com/Raynos/end-stream,未分析,
nodejs,engine.io-client,https://github.com/socketio/socket.io,未分析,
nodejs,engine.io-parser,https://github.com/socketio/socket.io,未分析,
nodejs,enhanced-resolve,https://github.com/webpack/enhanced-resolve,未分析,
nodejs,ensure-error,https://github.com/sindresorhus/ensure-error,未分析,
nodejs,env,https://github.com/dshaw/env,未分析,
nodejs,env-paths,https://github.com/sindresorhus/env-paths,未分析,
nodejs,equals,https://github.com/jkroso/equals,未分析,
nodejs,err-code,https://github.com/IndigoUnited/js-err-code,未分析,
nodejs,errlop,https://github.com/bevry/errlop,未分析,
nodejs,errno,https://github.com/rvagg/node-errno,未分析,
nodejs,error-ex,https://github.com/qix-/node-error-ex,未分析,
nodejs,es-abstract,https://github.com/ljharb/es-abstract,未分析,
nodejs,es-array-method-boxes-properly,https://github.com/ljharb/es-array-method-boxes-properly,未分析,
nodejs,es-define-property,https://github.com/ljharb/es-define-property,未分析,
nodejs,es-errors,https://github.com/ljharb/es-errors,未分析,
nodejs,es-get-iterator,https://github.com/ljharb/es-get-iterator,未分析,
nodejs,es-object-atoms,https://github.com/ljharb/es-object-atoms,未分析,
nodejs,es-set-tostringtag,https://github.com/es-shims/es-set-tostringtag,未分析,
nodejs,es-to-primitive,https://github.com/ljharb/es-to-primitive,未分析,
nodejs,es3ify,https://github.com/spicyj/es3ify,未分析,
nodejs,es5-ext,https://github.com/medikoo/es5-ext,未分析,
nodejs,es6-iterator,https://github.com/medikoo/es6-iterator,未分析,
nodejs,es6-promise,https://github.com/stefanpenner/es6-promise,未分析,
nodejs,es6-promisify,https://github.com/mikehall314/es6-promisify,未分析,
nodejs,es6-symbol,https://github.com/medikoo/es6-symbol,未分析,
nodejs,es6-weak-map,https://github.com/medikoo/es6-weak-map,未分析,
nodejs,escalade,https://github.com/lukeed/escalade,未分析,
nodejs,escape-html,https://github.com/component/escape-html,未分析,
nodejs,escape-string-regexp,https://github.com/sindresorhus/escape-string-regexp,未分析,
nodejs,escodegen,https://github.com/estools/escodegen,未分析,
nodejs,esniff,https://github.com/medikoo/esniff,未分析,
nodejs,esprima,https://github.com/jquery/esprima,未分析,
nodejs,esprima-fb,https://github.com/facebook/esprima,未分析,
nodejs,estraverse,https://github.com/estools/estraverse,未分析,
nodejs,estree-walker,https://github.com/Rich-Harris/estree-walker,未分析,
nodejs,esutils,https://github.com/estools/esutils,未分析,
nodejs,etag,https://github.com/jshttp/etag,未分析,
nodejs,ev-emitter,https://github.com/metafizzy/ev-emitter,未分析,
nodejs,event-emitter,https://github.com/medikoo/event-emitter,未分析,
nodejs,event-pubsub,https://github.com/RIAEvangelist/event-pubsub,未分析,
nodejs,event-source-polyfill,https://github.com/Yaffle/EventSource,未分析,
nodejs,event-target-shim,https://github.com/mysticatea/event-target-shim,未分析,
nodejs,events,https://github.com/Gozala/events,未分析,
nodejs,eventsource,https://github.com/EventSource/eventsource,未分析,
nodejs,eventsource-parser,https://github.com/rexxars/eventsource-parser,未分析,
nodejs,exif-js,https://github.com/exif-js/exif-js,未分析,
nodejs,exif-parser,https://github.com/bwindels/exif-parser,未分析,
nodejs,exifr,https://github.com/MikeKovarik/exifr,未分析,
nodejs,exit,https://github.com/cowboy/node-exit,未分析,
nodejs,exit-on-epipe,https://github.com/SheetJS/node-exit-on-epipe,未分析,
nodejs,expand-brackets,https://github.com/micromatch/expand-brackets,未分析,
nodejs,expand-range,https://github.com/jonschlinkert/expand-range,未分析,
nodejs,expand-template,https://github.com/ralphtheninja/expand-template,未分析,
nodejs,expand-tilde,https://github.com/jonschlinkert/expand-tilde,未分析,
nodejs,express,https://github.com/expressjs/express,未分析,
nodejs,express-pouchdb,https://github.com/pouchdb/pouchdb-server,未分析,
nodejs,express-rate-limit,https://github.com/express-rate-limit/express-rate-limit,未分析,
nodejs,ext,https://github.com/medikoo/es5-ext/tree/ext,未分析,
nodejs,ext-list,https://github.com/kevva/ext-list,未分析,
nodejs,ext-name,https://github.com/kevva/ext-name,未分析,
nodejs,extend,https://github.com/justmoon/node-extend,未分析,
nodejs,extend-shallow,https://github.com/jonschlinkert/extend-shallow,未分析,
nodejs,extglob,https://github.com/micromatch/extglob,未分析,
nodejs,extract-opts,https://github.com/bevry/extract-opts,未分析,
nodejs,extsprintf,https://github.com/davepacheco/node-extsprintf,未分析,
nodejs,fabric,https://github.com/fabricjs/fabric.js,未分析,
nodejs,fake-indexeddb,https://github.com/dumbmatter/fakeIndexedDB,未分析,
nodejs,fancy-log,https://github.com/gulpjs/fancy-log,未分析,
nodejs,fast-deep-equal,https://github.com/epoberezkin/fast-deep-equal,未分析,
nodejs,fast-diff,https://github.com/jhchen/fast-diff,未分析,
nodejs,fast-fifo,https://github.com/mafintosh/fast-fifo,未分析,
nodejs,fast-glob,https://github.com/mrmlnc/fast-glob,未分析,
nodejs,fast-json-stable-stringify,https://github.com/epoberezkin/fast-json-stable-stringify,未分析,
nodejs,fast-levenshtein,https://github.com/hiddentao/fast-levenshtein,未分析,
nodejs,fast-safe-stringify,https://github.com/davidmarkclements/fast-safe-stringify,未分析,
nodejs,fast-uri,https://github.com/fastify/fast-uri,未分析,
nodejs,fast-xml-parser,https://github.com/NaturalIntelligence/fast-xml-parser,未分析,
nodejs,fastpriorityqueue,https://github.com/lemire/FastPriorityQueue.js,未分析,
nodejs,fastq,https://github.com/mcollina/fastq,未分析,
nodejs,fbjs,https://github.com/facebook/fbjs,未分析,
nodejs,fd-slicer,https://github.com/andrewrk/node-fd-slicer,未分析,
nodejs,fd-slicer2,https://github.com/nalhabash/fd-slicer2,未分析,
nodejs,fecha,https://github.com/taylorhakes/fecha,未分析,
nodejs,fetch-blob,https://github.com/node-fetch/fetch-blob,未分析,
nodejs,fetch-cookie,https://github.com/valeriangalliat/fetch-cookie,未分析,
nodejs,figures,https://github.com/sindresorhus/figures,未分析,
nodejs,file-saver,https://github.com/eligrey/FileSaver.js,未分析,
nodejs,file-stream-rotator,https://github.com/rogerc/file-stream-rotator,未分析,
nodejs,file-type,https://github.com/sindresorhus/file-type,未分析,
nodejs,file-uri-to-path,https://github.com/TooTallNate/file-uri-to-path,未分析,
nodejs,file-url,https://github.com/sindresorhus/file-url,未分析,
nodejs,filename-regex,https://github.com/regexhq/filename-regex,未分析,
nodejs,filename-reserved-regex,https://github.com/sindresorhus/filename-reserved-regex,未分析,
nodejs,filenamify,https://github.com/sindresorhus/filenamify,未分析,
nodejs,fill-range,https://github.com/jonschlinkert/fill-range,未分析,
nodejs,filter-obj,https://github.com/sindresorhus/filter-obj,未分析,
nodejs,finalhandler,https://github.com/pillarjs/finalhandler,未分析,
nodejs,find-cache-dir,https://github.com/sindresorhus/find-cache-dir,未分析,
nodejs,find-index,https://github.com/jsdf/find-index,未分析,
nodejs,find-process,https://github.com/yibn2008/find-process,未分析,
nodejs,find-replace,https://github.com/75lb/find-replace,未分析,
nodejs,find-up,https://github.com/sindresorhus/find-up,未分析,
nodejs,findup-sync,https://github.com/gulpjs/findup-sync,未分析,
nodejs,fined,https://github.com/gulpjs/fined,未分析,
nodejs,first-chunk-stream,https://github.com/sindresorhus/first-chunk-stream,未分析,
nodejs,fix-esm,https://git.cryto.net/joepie91/fix-esm,未分析,
nodejs,flagged-respawn,https://github.com/gulpjs/flagged-respawn,未分析,
nodejs,flatstr,https://github.com/davidmarkclements/flatstr,未分析,
nodejs,flatted,https://github.com/WebReflection/flatted,未分析,
nodejs,flex.css,https://github.com/lzxb/flex.css,未分析,
nodejs,fluent-ffmpeg,https://github.com/fluent-ffmpeg/node-fluent-ffmpeg,未分析,
nodejs,flush-write-stream,https://github.com/mafintosh/flush-write-stream,未分析,
nodejs,flushwritable,https://github.com/TomFrost/FlushWritable,未分析,
nodejs,fn.name,https://github.com/3rd-Eden/fn.name,未分析,
nodejs,follow-redirects,https://github.com/follow-redirects/follow-redirects,未分析,
nodejs,font-finder,https://github.com/princjef/font-finder,未分析,
nodejs,font-ligatures,https://github.com/princjef/font-ligatures,未分析,
nodejs,fontfaceobserver,https://github.com/bramstein/fontfaceobserver,未分析,
nodejs,fontname,https://github.com/danbovey/fontname,未分析,
nodejs,for-each,https://github.com/Raynos/for-each,未分析,
nodejs,for-in,https://github.com/jonschlinkert/for-in,未分析,
nodejs,for-own,https://github.com/jonschlinkert/for-own,未分析,
nodejs,foreground-child,https://github.com/tapjs/foreground-child,未分析,
nodejs,forever-agent,https://github.com/mikeal/forever-agent,未分析,
nodejs,form-data,https://github.com/form-data/form-data,未分析,
nodejs,format-util,https://github.com/tmpfs/format-util,未分析,
nodejs,formdata-polyfill,https://github.com/jimmywarting/FormData,未分析,
nodejs,formidable,https://github.com/node-formidable/formidable,未分析,
nodejs,formstream,https://github.com/node-modules/formstream,未分析,
nodejs,forwarded,https://github.com/jshttp/forwarded,未分析,
nodejs,fragment-cache,https://github.com/jonschlinkert/fragment-cache,未分析,
nodejs,framer-motion,https://github.com/motiondivision/motion,未分析,
nodejs,framesync,https://github.com/Popmotion/popmotion,未分析,
nodejs,framework-arduinoespressif32,,未分析(无仓),
nodejs,fresh,https://github.com/jshttp/fresh,未分析,
nodejs,from2,https://github.com/hughsk/from2,未分析,
nodejs,fs,https://github.com/npm/security-holder,未分析,
nodejs,fs-constants,https://github.com/mafintosh/fs-constants,未分析,
nodejs,fs-extra,https://github.com/jprichardson/node-fs-extra,未分析,
nodejs,fs-extra-p,https://github.com/develar/fs-extra-p,未分析,
nodejs,fs-jetpack,https://github.com/szwacz/fs-jetpack,未分析,
nodejs,fs-mkdirp-stream,https://github.com/gulpjs/fs-mkdirp-stream,未分析,
nodejs,fs-plus,https://github.com/atom/fs-plus,未分析,
nodejs,fs-sync,https://github.com/kaelzhang/node-fs-sync,未分析,
nodejs,fs.realpath,https://github.com/isaacs/fs.realpath,未分析,
nodejs,fstream,https://github.com/npm/fstream,未分析,
nodejs,ftp,https://github.com/mscdex/node-ftp,未分析,
nodejs,function-bind,https://github.com/Raynos/function-bind,未分析,
nodejs,function.prototype.name,https://github.com/es-shims/Function.prototype.name,未分析,
nodejs,functions-have-names,https://github.com/inspect-js/functions-have-names,未分析,
nodejs,gar,https://github.com/ethanent/gar,未分析,
nodejs,gauge,https://github.com/npm/gauge,未分析,
nodejs,gaze,https://github.com/shama/gaze,未分析,
nodejs,generate-source-map,https://github.com/thibauts/node-generate-source-map,未分析,
nodejs,generic-pool,https://github.com/coopernurse/node-pool,未分析,
nodejs,gensync,https://github.com/loganfsmyth/gensync,未分析,
nodejs,geoip-native-lite,https://github.com/chill117/geoip-native-lite,未分析,
nodejs,get-browser-rtc,https://github.com/substack/get-browser-rtc,未分析,
nodejs,get-caller-file,https://github.com/stefanpenner/get-caller-file,未分析,
nodejs,get-east-asian-width,https://github.com/sindresorhus/get-east-asian-width,未分析,
nodejs,get-folder-size,https://github.com/alessioalex/get-folder-size,未分析,
nodejs,get-intrinsic,https://github.com/ljharb/get-intrinsic,未分析,
nodejs,get-port,https://github.com/sindresorhus/get-port,未分析,
nodejs,get-proto,https://github.com/ljharb/get-proto,未分析,
nodejs,get-proxy,https://github.com/kevva/get-proxy,未分析,
nodejs,get-proxy-settings,https://github.com/Azure/get-proxy-settings,未分析,
nodejs,get-random-values,https://github.com/kenany/get-random-values,未分析,
nodejs,get-ready,https://github.com/node-modules/get-ready,未分析,
nodejs,get-size,https://github.com/desandro/get-size,未分析,
nodejs,get-stream,https://github.com/sindresorhus/get-stream,未分析,
nodejs,get-symbol-description,https://github.com/inspect-js/get-symbol-description,未分析,
nodejs,get-symbol-from-current-process-h,https://github.com/node-ffi-napi/get-symbol-from-current-process-h,未分析,
nodejs,get-system-fonts,https://github.com/princjef/get-system-fonts,未分析,
nodejs,get-uri,https://github.com/TooTallNate/proxy-agents/tree/HEAD/packages/get-uri,未分析,
nodejs,get-uv-event-loop-napi-h,https://github.com/node-ffi-napi/get-uv-event-loop-napi-h,未分析,
nodejs,get-value,https://github.com/jonschlinkert/get-value,未分析,
nodejs,getpass,https://github.com/arekinath/node-getpass,未分析,
nodejs,gifwrap,https://github.com/jtlapp/gifwrap,未分析,
nodejs,github-from-package,https://github.com/substack/github-from-package,未分析,
nodejs,glob,https://github.com/isaacs/node-glob,未分析,
nodejs,glob-base,https://github.com/jonschlinkert/glob-base,未分析,
nodejs,glob-parent,https://github.com/gulpjs/glob-parent,未分析,
nodejs,glob-stream,https://github.com/gulpjs/glob-stream,未分析,
nodejs,glob-watcher,https://github.com/gulpjs/glob-watcher,未分析,
nodejs,glob2base,https://github.com/wearefractal/glob2base,未分析,
nodejs,global,https://github.com/Raynos/global,未分析,
nodejs,global-modules,https://github.com/jonschlinkert/global-modules,未分析,
nodejs,global-prefix,https://github.com/jonschlinkert/global-prefix,未分析,
nodejs,globals,https://github.com/sindresorhus/globals,未分析,
nodejs,globalthis,https://github.com/ljharb/System.global,未分析,
nodejs,globby,https://github.com/sindresorhus/globby,未分析,
nodejs,globule,https://github.com/cowboy/node-globule,未分析,
nodejs,glogg,https://github.com/gulpjs/glogg,未分析,
nodejs,google-closure-library,https://github.com/google/closure-library,未分析,
nodejs,gopd,https://github.com/ljharb/gopd,未分析,
nodejs,got,https://github.com/sindresorhus/got,未分析,
nodejs,graceful-fs,https://github.com/isaacs/node-graceful-fs,未分析,
nodejs,graceful-readlink,https://github.com/zhiyelee/graceful-readlink,未分析,
nodejs,grapheme-splitter,https://github.com/orling/grapheme-splitter,未分析,
nodejs,growl,https://github.com/tj/node-growl,未分析,
nodejs,growly,https://github.com/theabraham/growly,未分析,
nodejs,guid-typescript,https://github.com/NicolasDeveloper/guid-typescript,未分析,
nodejs,gulp,https://github.com/gulpjs/gulp,未分析,
nodejs,gulp-cli,https://github.com/gulpjs/gulp-cli,未分析,
nodejs,gulplog,https://github.com/gulpjs/gulplog,未分析,
nodejs,har-schema,https://github.com/ahmadnassri/har-schema,未分析,
nodejs,har-validator,https://github.com/ahmadnassri/node-har-validator,未分析,
nodejs,has,https://github.com/tarruda/has,未分析,
nodejs,has-ansi,https://github.com/chalk/has-ansi,未分析,
nodejs,has-bigints,https://github.com/ljharb/has-bigints,未分析,
nodejs,has-binary2,https://github.com/darrachequesne/has-binary,未分析,
nodejs,has-cors,https://github.com/component/has-cors,未分析,
nodejs,has-flag,https://github.com/sindresorhus/has-flag,未分析,
nodejs,has-property-descriptors,https://github.com/inspect-js/has-property-descriptors,未分析,
nodejs,has-proto,https://github.com/inspect-js/has-proto,未分析,
nodejs,has-symbol-support-x,https://github.com/Xotic750/has-symbol-support-x,未分析,
nodejs,has-symbols,https://github.com/inspect-js/has-symbols,未分析,
nodejs,has-to-string-tag-x,https://github.com/Xotic750/has-to-string-tag-x,未分析,
nodejs,has-tostringtag,https://github.com/inspect-js/has-tostringtag,未分析,
nodejs,has-unicode,https://github.com/iarna/has-unicode,未分析,
nodejs,has-value,https://github.com/jonschlinkert/has-value,未分析,
nodejs,has-values,https://github.com/jonschlinkert/has-values,未分析,
nodejs,hash.js,https://github.com/indutny/hash.js,未分析,
nodejs,hasha,https://github.com/sindresorhus/hasha,未分析,
nodejs,hashring,https://github.com/3rd-Eden/node-hashring,未分析,
nodejs,hasown,https://github.com/inspect-js/hasOwn,未分析,
nodejs,he,https://github.com/mathiasbynens/he,未分析,
nodejs,header-case-normalizer,https://github.com/marten-de-vries/header-case-normalizer,未分析,
nodejs,hey-listen,https://github.com/Popmotion/hey-listen,未分析,
nodejs,highlight.js,https://github.com/highlightjs/highlight.js,未分析,
nodejs,hjson,https://github.com/hjson/hjson-js,未分析,
nodejs,hmac-drbg,https://github.com/indutny/hmac-drbg,未分析,
nodejs,hoist-non-react-statics,https://github.com/mridgway/hoist-non-react-statics,未分析,
nodejs,home-or-tmp,https://github.com/sindresorhus/home-or-tmp,未分析,
nodejs,homedir-polyfill,https://github.com/doowb/homedir-polyfill,未分析,
nodejs,hosted-git-info,https://github.com/npm/hosted-git-info,未分析,
nodejs,hotkeys-js,https://github.com/jaywcjlove/hotkeys-js,未分析,
nodejs,hpagent,https://github.com/delvedor/hpagent,未分析,
nodejs,htchat,,未分析(无仓),
nodejs,html-docx-js-typescript,https://github.com/caiyexiang/html-docx-js-typescript,未分析,
nodejs,html2canvas,https://github.com/niklasvh/html2canvas,未分析,
nodejs,html2json,https://github.com/jxck/html2json,未分析,
nodejs,htmldiff-js,https://github.com/dfoverdx/htmldiff-js,未分析,
nodejs,http-assert,https://github.com/jshttp/http-assert,未分析,
nodejs,http-cache-semantics,https://github.com/kornelski/http-cache-semantics,未分析,
nodejs,http-errors,https://github.com/jshttp/http-errors,未分析,
nodejs,http-proxy,https://github.com/http-party/node-http-proxy,未分析,
nodejs,http-proxy-agent,https://github.com/TooTallNate/proxy-agents/tree/HEAD/packages/http-proxy-agent,未分析,
nodejs,http-signature,https://github.com/TritonDataCenter/node-http-signature,未分析,
nodejs,http2-wrapper,https://github.com/szmarczak/http2-wrapper,未分析,
nodejs,https-browserify,https://github.com/substack/https-browserify,未分析,
nodejs,https-proxy-agent,https://github.com/TooTallNate/proxy-agents/tree/HEAD/packages/https-proxy-agent,未分析,
nodejs,human-signals,https://github.com/ehmicky/human-signals,未分析,
nodejs,humanize-ms,https://github.com/node-modules/humanize-ms,未分析,
nodejs,humanize-plus,https://github.com/HubSpot/humanize,未分析,
nodejs,icojs,https://github.com/egy186/icojs,未分析,
nodejs,iconv-lite,https://github.com/pillarjs/iconv-lite,未分析,
nodejs,idb,https://github.com/jakearchibald/idb,未分析,
nodejs,idb-keyval,https://github.com/jakearchibald/idb-keyval,未分析,
nodejs,ieee754,https://github.com/feross/ieee754,未分析,
nodejs,if-async,https://github.com/kessler/if-async,未分析,
nodejs,ignore,https://github.com/kaelzhang/node-ignore,未分析,
nodejs,ignore-walk,https://github.com/npm/ignore-walk,未分析,
nodejs,image-extensions,https://github.com/arthurvr/image-extensions,未分析,
nodejs,image-q,https://github.com/ibezkrovnyi/image-quantization,未分析,
nodejs,image-size,https://github.com/image-size/image-size,未分析,
nodejs,immediate,https://github.com/calvinmetcalf/immediate,未分析,
nodejs,immer,https://github.com/immerjs/immer,未分析,
nodejs,import-in-the-middle,https://github.com/nodejs/import-in-the-middle,未分析,
nodejs,import-lazy,https://github.com/sindresorhus/import-lazy,未分析,
nodejs,imurmurhash,https://github.com/jensyt/imurmurhash-js,未分析,
nodejs,indent-string,https://github.com/sindresorhus/indent-string,未分析,
nodejs,indexof,,未分析(无仓),
nodejs,infer-owner,https://github.com/npm/infer-owner,未分析,
nodejs,inflection,https://github.com/dreamerslab/node.inflection,未分析,
nodejs,inflight,https://github.com/npm/inflight,未分析,
nodejs,inherits,https://github.com/isaacs/inherits,未分析,
nodejs,ini,https://github.com/npm/ini,未分析,
nodejs,int64-buffer,https://github.com/kawanet/int64-buffer,未分析,
nodejs,internal-slot,https://github.com/ljharb/internal-slot,未分析,
nodejs,interpret,https://github.com/gulpjs/interpret,未分析,
nodejs,intersection-observer,https://github.com/GoogleChromeLabs/intersection-observer,未分析,
nodejs,intl-format-cache,https://github.com/formatjs/formatjs,未分析,
nodejs,intl-messageformat,https://github.com/formatjs/formatjs,未分析,
nodejs,intl-messageformat-parser,https://github.com/formatjs/formatjs,未分析,
nodejs,into-stream,https://github.com/sindresorhus/into-stream,未分析,
nodejs,intro.js,https://github.com/usablica/intro.js,未分析,
nodejs,invalid main,,未分析(无仓),
nodejs,invariant,https://github.com/zertosh/invariant,未分析,
nodejs,invert-kv,https://github.com/sindresorhus/invert-kv,未分析,
nodejs,iota-array,https://github.com/mikolalysenko/iota-array,未分析,
nodejs,ip,https://github.com/indutny/node-ip,未分析,
nodejs,ip-address,https://github.com/beaugunderson/ip-address,未分析,
nodejs,ip-regex,https://github.com/sindresorhus/ip-regex,未分析,
nodejs,ipaddr.js,https://github.com/whitequark/ipaddr.js,未分析,
nodejs,is-absolute,https://github.com/jonschlinkert/is-absolute,未分析,
nodejs,is-accessor-descriptor,https://github.com/inspect-js/is-accessor-descriptor,未分析,
nodejs,is-arguments,https://github.com/inspect-js/is-arguments,未分析,
nodejs,is-array-buffer,https://github.com/inspect-js/is-array-buffer,未分析,
nodejs,is-arrayish,https://github.com/qix-/node-is-arrayish,未分析,
nodejs,is-async-function,https://github.com/inspect-js/is-async-function,未分析,
nodejs,is-bigint,https://github.com/inspect-js/is-bigint,未分析,
nodejs,is-binary-path,https://github.com/sindresorhus/is-binary-path,未分析,
nodejs,is-bluebird,https://github.com/overlookmotel/is-bluebird,未分析,
nodejs,is-boolean-object,https://github.com/inspect-js/is-boolean-object,未分析,
nodejs,is-buffer,https://github.com/feross/is-buffer,未分析,
nodejs,is-callable,https://github.com/inspect-js/is-callable,未分析,
nodejs,is-class-hotfix,https://github.com/miguelmota/is-class,未分析,
nodejs,is-core-module,https://github.com/inspect-js/is-core-module,未分析,
nodejs,is-data-descriptor,https://github.com/inspect-js/is-data-descriptor,未分析,
nodejs,is-data-view,https://github.com/inspect-js/is-data-view,未分析,
nodejs,is-date-object,https://github.com/inspect-js/is-date-object,未分析,
nodejs,is-descriptor,https://github.com/inspect-js/is-descriptor,未分析,
nodejs,is-docker,https://github.com/sindresorhus/is-docker,未分析,
nodejs,is-dotfile,https://github.com/jonschlinkert/is-dotfile,未分析,
nodejs,is-electron-renderer,https://github.com/jprichardson/is-electron-renderer,未分析,
nodejs,is-empty,https://github.com/ianstormtaylor/is-empty,未分析,
nodejs,is-equal-shallow,https://github.com/jonschlinkert/is-equal-shallow,未分析,
nodejs,is-extendable,https://github.com/jonschlinkert/is-extendable,未分析,
nodejs,is-extglob,https://github.com/jonschlinkert/is-extglob,未分析,
nodejs,is-finalizationregistry,https://github.com/inspect-js/is-finalizationregistry,未分析,
nodejs,is-finite,https://github.com/sindresorhus/is-finite,未分析,
nodejs,is-fullwidth-code-point,https://github.com/sindresorhus/is-fullwidth-code-point,未分析,
nodejs,is-function,https://github.com/grncdr/js-is-function,未分析,
nodejs,is-generator-function,https://github.com/inspect-js/is-generator-function,未分析,
nodejs,is-glob,https://github.com/micromatch/is-glob,未分析,
nodejs,is-in-ssh,https://github.com/sindresorhus/is-in-ssh,未分析,
nodejs,is-inside-container,https://github.com/sindresorhus/is-inside-container,未分析,
nodejs,is-interactive,https://github.com/sindresorhus/is-interactive,未分析,
nodejs,is-ip,https://github.com/sindresorhus/is-ip,未分析,
nodejs,is-lambda,https://github.com/watson/is-lambda,未分析,
nodejs,is-map,https://github.com/inspect-js/is-map,未分析,
nodejs,is-natural-number,https://github.com/shinnn/is-natural-number.js,未分析,
nodejs,is-negated-glob,https://github.com/jonschlinkert/is-negated-glob,未分析,
nodejs,is-negative-zero,https://github.com/inspect-js/is-negative-zero,未分析,
nodejs,is-number,https://github.com/jonschlinkert/is-number,未分析,
nodejs,is-number-like,https://github.com/vigour-io/is-number-like,未分析,
nodejs,is-number-object,https://github.com/inspect-js/is-number-object,未分析,
nodejs,is-obj,https://github.com/sindresorhus/is-obj,未分析,
nodejs,is-object,https://github.com/inspect-js/is-object,未分析,
nodejs,is-path-cwd,https://github.com/sindresorhus/is-path-cwd,未分析,
nodejs,is-path-inside,https://github.com/sindresorhus/is-path-inside,未分析,
nodejs,is-plain-obj,https://github.com/sindresorhus/is-plain-obj,未分析,
nodejs,is-plain-object,https://github.com/jonschlinkert/is-plain-object,未分析,
nodejs,is-posix-bracket,https://github.com/jonschlinkert/is-posix-bracket,未分析,
nodejs,is-primitive,https://github.com/jonschlinkert/is-primitive,未分析,
nodejs,is-promise,https://github.com/then/is-promise,未分析,
nodejs,is-regex,https://github.com/inspect-js/is-regex,未分析,
nodejs,is-relative,https://github.com/jonschlinkert/is-relative,未分析,
nodejs,is-retry-allowed,https://github.com/sindresorhus/is-retry-allowed,未分析,
nodejs,is-running,https://github.com/nisaacson/is-running,未分析,
nodejs,is-set,https://github.com/inspect-js/is-set,未分析,
nodejs,is-shared-array-buffer,https://github.com/inspect-js/is-shared-array-buffer,未分析,
nodejs,is-stream,https://github.com/sindresorhus/is-stream,未分析,
nodejs,is-string,https://github.com/inspect-js/is-string,未分析,
nodejs,is-symbol,https://github.com/inspect-js/is-symbol,未分析,
nodejs,is-type-of,https://github.com/node-modules/is-type-of,未分析,
nodejs,is-typed-array,https://github.com/inspect-js/is-typed-array,未分析,
nodejs,is-typedarray,https://github.com/hughsk/is-typedarray,未分析,
nodejs,is-unc-path,https://github.com/jonschlinkert/is-unc-path,未分析,
nodejs,is-utf8,https://github.com/wayfind/is-utf8,未分析,
nodejs,is-valid-glob,https://github.com/jonschlinkert/is-valid-glob,未分析,
nodejs,is-weakmap,https://github.com/inspect-js/is-weakmap,未分析,
nodejs,is-weakref,https://github.com/inspect-js/is-weakref,未分析,
nodejs,is-weakset,https://github.com/inspect-js/is-weakset,未分析,
nodejs,is-windows,https://github.com/jonschlinkert/is-windows,未分析,
nodejs,is-wsl,https://github.com/sindresorhus/is-wsl,未分析,
nodejs,isarray,https://github.com/juliangruber/isarray,未分析,
nodejs,isexe,https://github.com/isaacs/isexe,未分析,
nodejs,isobject,https://github.com/jonschlinkert/isobject,未分析,
nodejs,isomorphic-fetch,https://github.com/matthew-andrews/isomorphic-fetch,未分析,
nodejs,isomorphic-ws,https://github.com/heineiuo/isomorphic-ws,未分析,
nodejs,isstream,https://github.com/rvagg/isstream,未分析,
nodejs,isurl,https://github.com/stevenvachon/isurl,未分析,
nodejs,iterate-iterator,https://github.com/ljharb/iterate-iterator,未分析,
nodejs,iterate-value,https://github.com/ljharb/iterate-value,未分析,
nodejs,jackspeak,https://github.com/isaacs/jackspeak,未分析,
nodejs,jimp,https://github.com/jimp-dev/jimp,未分析,
nodejs,jju,https://github.com/rlidwka/jju,未分析,
nodejs,jkroso-type,https://github.com/jkroso/type,未分析,
nodejs,jotai,https://github.com/pmndrs/jotai,未分析,
nodejs,jpeg-autorotate,https://github.com/johansatge/jpeg-autorotate,未分析,
nodejs,jpeg-js,https://github.com/eugeneware/jpeg-js,未分析,
nodejs,jquery,https://github.com/jquery/jquery,未分析,
nodejs,js-base64,https://github.com/dankogai/js-base64,未分析,
nodejs,js-cookie,https://github.com/js-cookie/js-cookie,未分析,
nodejs,js-downloader,https://github.com/Qquanwei/js-downloader,未分析,
nodejs,js-message,https://github.com/RIAEvangelist/js-message,未分析,
nodejs,js-native,https://github.com/errorrik/js-native,未分析,
nodejs,js-queue,https://github.com/RIAEvangelist/js-queue,未分析,
nodejs,js-tokens,https://github.com/lydell/js-tokens,未分析,
nodejs,js-yaml,https://github.com/nodeca/js-yaml,未分析,
nodejs,jsbn,https://github.com/andyperlitch/jsbn,未分析,
nodejs,jschardet,https://github.com/aadsm/jschardet,未分析,
nodejs,jsesc,https://github.com/mathiasbynens/jsesc,未分析,
nodejs,json-buffer,https://github.com/dominictarr/json-buffer,未分析,
nodejs,json-loader,https://github.com/webpack/json-loader,未分析,
nodejs,json-parse-better-errors,https://github.com/zkat/json-parse-better-errors,未分析,
nodejs,json-schema,https://github.com/kriszyp/json-schema,未分析,
nodejs,json-schema-traverse,https://github.com/epoberezkin/json-schema-traverse,未分析,
nodejs,json-schema-typed,https://github.com/RemyRylan/json-schema-typed,未分析,
nodejs,json-stable-stringify-without-jsonify,https://github.com/samn/json-stable-stringify,未分析,
nodejs,json-stringify-safe,https://github.com/isaacs/json-stringify-safe,未分析,
nodejs,json2mq,https://github.com/akiran/json2mq,未分析,
nodejs,json5,https://github.com/json5/json5,未分析,
nodejs,jsonc-parser,https://github.com/microsoft/node-jsonc-parser,未分析,
nodejs,jsonfile,https://github.com/jprichardson/node-jsonfile,未分析,
nodejs,jsonrepair,https://github.com/josdejong/jsonrepair,未分析,
nodejs,jsprim,https://github.com/joyent/node-jsprim,未分析,
nodejs,jsrsasign,https://github.com/kjur/jsrsasign,未分析,
nodejs,jstoxml,https://github.com/davidcalhoun/jstoxml,未分析,
nodejs,jstransform,https://github.com/facebook/jstransform,未分析,
nodejs,jszip,https://github.com/Stuk/jszip,未分析,
nodejs,just-debounce,https://github.com/hayes/just-debounce,未分析,
nodejs,just-performance,https://github.com/jhurliman/just-performance,未分析,
nodejs,just-task,https://github.com/microsoft/just,未分析,
nodejs,just-task-logger,https://github.com/microsoft/just,未分析,
nodejs,katex,https://github.com/KaTeX/KaTeX,未分析,
nodejs,keyboardevent-from-electron-accelerator,https://github.com/parro-it/keyboardevent-from-electron-accelerator,未分析,
nodejs,keyboardevents-areequal,https://github.com/parro-it/keyboardevents-areequal,未分析,
nodejs,keygrip,https://github.com/crypto-utils/keygrip,未分析,
nodejs,keymirror,https://github.com/STRML/keyMirror,未分析,
nodejs,keyv,https://github.com/jaredwray/keyv,未分析,
nodejs,kind-of,https://github.com/jonschlinkert/kind-of,未分析,
nodejs,klaw,https://github.com/jprichardson/node-klaw,未分析,
nodejs,ko-sleep,https://github.com/alsotang/ko-sleep,未分析,
nodejs,koa,https://github.com/koajs/koa,未分析,
nodejs,koa-compose,https://github.com/koajs/compose,未分析,
nodejs,koa-convert,https://github.com/gyson/koa-convert,未分析,
nodejs,koa-router,https://github.com/koajs/router,未分析,
nodejs,kuler,https://github.com/3rd-Eden/kuler,未分析,
nodejs,ky,https://github.com/sindresorhus/ky,未分析,
nodejs,l-watermark,https://github.com/CleverLiurx/l-watermark,未分析,
nodejs,lan-file-transfer,https://github.com/anomalyco/lan-file-transfer,未分析,
nodejs,last-run,https://github.com/gulpjs/last-run,未分析,
nodejs,lazy,https://github.com/pkrumins/node-lazy,未分析,
nodejs,lazy-cache,https://github.com/jonschlinkert/lazy-cache,未分析,
nodejs,lazy-val,https://github.com/develar/lazy-val,未分析,
nodejs,lazystream,https://github.com/jpommerening/node-lazystream,未分析,
nodejs,lcid,https://github.com/sindresorhus/lcid,未分析,
nodejs,lead,https://github.com/gulpjs/lead,未分析,
nodejs,less,https://github.com/less/less.js,未分析,
nodejs,level,https://github.com/Level/level,未分析,
nodejs,level-codec,https://github.com/Level/codec,未分析,
nodejs,level-concat-iterator,https://github.com/Level/concat-iterator,未分析,
nodejs,level-errors,https://github.com/Level/errors,未分析,
nodejs,level-iterator-stream,https://github.com/Level/iterator-stream,未分析,
nodejs,level-js,https://github.com/Level/level-js,未分析,
nodejs,level-packager,https://github.com/Level/packager,未分析,
nodejs,level-supports,https://github.com/Level/supports,未分析,
nodejs,level-write-stream,https://github.com/Raynos/level-write-stream,未分析,
nodejs,levelup,https://github.com/Level/levelup,未分析,
nodejs,levn,https://github.com/gkz/levn,未分析,
nodejs,libphonenumber-js,https://gitlab.com/catamphetamine/libphonenumber-js,未分析,
nodejs,lie,https://github.com/calvinmetcalf/lie,未分析,
nodejs,liftoff,https://github.com/gulpjs/liftoff,未分析,
nodejs,lighthouse-logger,https://github.com/GoogleChrome/lighthouse,未分析,
nodejs,limiter,https://github.com/jhurliman/node-rate-limiter,未分析,
nodejs,listenercount,https://github.com/jden/node-listenercount,未分析,
nodejs,load-bmfont,https://github.com/Jam3/load-bmfont,未分析,
nodejs,load-json-file,https://github.com/sindresorhus/load-json-file,未分析,
nodejs,localforage,https://github.com/localForage/localForage,未分析,
nodejs,locate-path,https://github.com/sindresorhus/locate-path,未分析,
nodejs,lockfile,https://github.com/npm/lockfile,未分析,
nodejs,lodash-es,https://github.com/lodash/lodash,未分析,
nodejs,lodash-unified,,未分析(无仓),
nodejs,lodash.camelcase,https://github.com/lodash/lodash,未分析,
nodejs,lodash.capitalize,https://github.com/lodash/lodash,未分析,
nodejs,lodash.clonedeep,https://github.com/lodash/lodash,未分析,
nodejs,lodash.debounce,https://github.com/lodash/lodash,未分析,
nodejs,lodash.defaults,https://github.com/lodash/lodash,未分析,
nodejs,lodash.defaultsdeep,https://github.com/lodash/lodash,未分析,
nodejs,lodash.defaultto,https://github.com/lodash/lodash,未分析,
nodejs,lodash.difference,https://github.com/lodash/lodash,未分析,
nodejs,lodash.escaperegexp,https://github.com/lodash/lodash,未分析,
nodejs,lodash.flatten,https://github.com/lodash/lodash,未分析,
nodejs,lodash.flattendeep,https://github.com/lodash/lodash,未分析,
nodejs,lodash.get,https://github.com/lodash/lodash,未分析,
nodejs,lodash.groupby,https://github.com/lodash/lodash,未分析,
nodejs,lodash.isempty,https://github.com/lodash/lodash,未分析,
nodejs,lodash.isequal,https://github.com/lodash/lodash,未分析,
nodejs,lodash.isfinite,https://github.com/lodash/lodash,未分析,
nodejs,lodash.isobject,https://github.com/lodash/lodash,未分析,
nodejs,lodash.isplainobject,https://github.com/lodash/lodash,未分析,
nodejs,lodash.merge,https://github.com/lodash/lodash,未分析,
nodejs,lodash.mergewith,https://github.com/lodash/lodash,未分析,
nodejs,lodash.negate,https://github.com/lodash/lodash,未分析,
nodejs,lodash.orderby,https://github.com/lodash/lodash,未分析,
nodejs,lodash.pick,https://github.com/lodash/lodash,未分析,
nodejs,lodash.throttle,https://github.com/lodash/lodash,未分析,
nodejs,lodash.union,https://github.com/lodash/lodash,未分析,
nodejs,lodash.uniqwith,https://github.com/lodash/lodash,未分析,
nodejs,lodash.values,https://github.com/lodash/lodash,未分析,
nodejs,lodash.zip,https://github.com/lodash/lodash,未分析,
nodejs,log-symbols,https://github.com/sindresorhus/log-symbols,未分析,
nodejs,log4js,https://github.com/log4js-node/log4js-node,未分析,
nodejs,logform,https://github.com/winstonjs/logform,未分析,
nodejs,loglevel,https://github.com/pimterry/loglevel,未分析,
nodejs,loglevel-plugin-prefix,https://github.com/kutuluk/loglevel-plugin-prefix,未分析,
nodejs,long-timeout,https://github.com/tellnes/long-timeout,未分析,
nodejs,longest,https://github.com/jonschlinkert/longest,未分析,
nodejs,longest-streak,https://github.com/wooorm/longest-streak,未分析,
nodejs,lookup-dns-cache,https://github.com/eduardbcom/lookup-dns-cache,未分析,
nodejs,loose-envify,https://github.com/zertosh/loose-envify,未分析,
nodejs,lop,https://github.com/mwilliamson/lop,未分析,
nodejs,lottie-react,https://github.com/Gamote/lottie-react,未分析,
nodejs,lottie-web,https://github.com/airbnb/lottie-web,未分析,
nodejs,lowdb,https://github.com/typicode/lowdb,未分析,
nodejs,lowercase-keys,https://github.com/sindresorhus/lowercase-keys,未分析,
nodejs,lru-cache,https://github.com/isaacs/node-lru-cache,未分析,
nodejs,lru-queue,https://github.com/medikoo/lru-queue,未分析,
nodejs,lru_map,https://github.com/rsms/js-lru,未分析,
nodejs,lrz,https://github.com/think2011/localResizeIMG,未分析,
nodejs,ltgt,https://github.com/dominictarr/ltgt,未分析,
nodejs,luxon,https://github.com/moment/luxon,未分析,
nodejs,macaddress,https://github.com/scravy/node-macaddress,未分析,
nodejs,magic-string,https://github.com/Rich-Harris/magic-string,未分析,
nodejs,mailto-link,https://github.com/bendrucker/mailto-link,未分析,
nodejs,main,https://git.querie.cc/libs/main,未分析,
nodejs,make-dir,https://github.com/sindresorhus/make-dir,未分析,
nodejs,make-error,https://github.com/JsCommunity/make-error,未分析,
nodejs,make-fetch-happen,https://github.com/npm/make-fetch-happen,未分析,
nodejs,make-iterator,https://github.com/jonschlinkert/make-iterator,未分析,
nodejs,mammoth,https://github.com/mwilliamson/mammoth.js,未分析,
nodejs,map-cache,https://github.com/jonschlinkert/map-cache,未分析,
nodejs,map-visit,https://github.com/jonschlinkert/map-visit,未分析,
nodejs,markdown-table,https://github.com/wooorm/markdown-table,未分析,
nodejs,marked,https://github.com/markedjs/marked,未分析,
nodejs,marky,https://github.com/nolanlawson/marky,未分析,
nodejs,matchdep,https://github.com/tkellen/js-matchdep,未分析,
nodejs,math-intrinsics,https://github.com/es-shims/math-intrinsics,未分析,
nodejs,math-random,https://github.com/michaelrhodes/math-random,未分析,
nodejs,mceditor-dxk,,未分析(无仓),
nodejs,md5,https://github.com/pvorb/node-md5,未分析,
nodejs,md5-file,https://github.com/roryrjb/md5-file,未分析,
nodejs,md5-node,https://github.com/shanelau/node-md5,未分析,
nodejs,mdast-util-find-and-replace,https://github.com/syntax-tree/mdast-util-find-and-replace,未分析,
nodejs,mdast-util-from-markdown,https://github.com/syntax-tree/mdast-util-from-markdown,未分析,
nodejs,mdast-util-gfm,https://github.com/syntax-tree/mdast-util-gfm,未分析,
nodejs,mdast-util-gfm-autolink-literal,https://github.com/syntax-tree/mdast-util-gfm-autolink-literal,未分析,
nodejs,mdast-util-gfm-footnote,https://github.com/syntax-tree/mdast-util-gfm-footnote,未分析,
nodejs,mdast-util-gfm-strikethrough,https://github.com/syntax-tree/mdast-util-gfm-strikethrough,未分析,
nodejs,mdast-util-gfm-table,https://github.com/syntax-tree/mdast-util-gfm-table,未分析,
nodejs,mdast-util-gfm-task-list-item,https://github.com/syntax-tree/mdast-util-gfm-task-list-item,未分析,
nodejs,mdast-util-math,https://github.com/syntax-tree/mdast-util-math,未分析,
nodejs,mdast-util-phrasing,https://github.com/syntax-tree/mdast-util-phrasing,未分析,
nodejs,mdast-util-to-markdown,https://github.com/syntax-tree/mdast-util-to-markdown,未分析,
nodejs,mdast-util-to-string,https://github.com/syntax-tree/mdast-util-to-string,未分析,
nodejs,media-typer,https://github.com/jshttp/media-typer,未分析,
nodejs,memoize-one,https://github.com/alexreardon/memoize-one,未分析,
nodejs,memoizee,https://github.com/medikoo/memoizee,未分析,
nodejs,memory-fs,https://github.com/webpack/memory-fs,未分析,
nodejs,merge-descriptors,https://github.com/sindresorhus/merge-descriptors,未分析,
nodejs,merge-stream,https://github.com/grncdr/merge-stream,未分析,
nodejs,merge2,https://github.com/teambition/merge2,未分析,
nodejs,methods,https://github.com/jshttp/methods,未分析,
nodejs,micromark,https://github.com/micromark/micromark/tree/main,未分析,
nodejs,micromark-core-commonmark,https://github.com/micromark/micromark/tree/main,未分析,
nodejs,micromark-extension-gfm,https://github.com/micromark/micromark-extension-gfm,未分析,
nodejs,micromark-extension-gfm-autolink-literal,https://github.com/micromark/micromark-extension-gfm-autolink-literal,未分析,
nodejs,micromark-extension-gfm-footnote,https://github.com/micromark/micromark-extension-gfm-footnote,未分析,
nodejs,micromark-extension-gfm-strikethrough,https://github.com/micromark/micromark-extension-gfm-strikethrough,未分析,
nodejs,micromark-extension-gfm-table,https://github.com/micromark/micromark-extension-gfm-table,未分析,
nodejs,micromark-extension-gfm-tagfilter,https://github.com/micromark/micromark-extension-gfm-tagfilter,未分析,
nodejs,micromark-extension-gfm-task-list-item,https://github.com/micromark/micromark-extension-gfm-task-list-item,未分析,
nodejs,micromark-factory-destination,https://github.com/micromark/micromark/tree/main,未分析,
nodejs,micromark-factory-label,https://github.com/micromark/micromark/tree/main,未分析,
nodejs,micromark-factory-space,https://github.com/micromark/micromark/tree/main,未分析,
nodejs,micromark-factory-title,https://github.com/micromark/micromark/tree/main,未分析,
nodejs,micromark-factory-whitespace,https://github.com/micromark/micromark/tree/main,未分析,
nodejs,micromark-util-character,https://github.com/micromark/micromark/tree/main,未分析,
nodejs,micromark-util-chunked,https://github.com/micromark/micromark/tree/main,未分析,
nodejs,micromark-util-classify-character,https://github.com/micromark/micromark/tree/main,未分析,
nodejs,micromark-util-combine-extensions,https://github.com/micromark/micromark/tree/main,未分析,
nodejs,micromark-util-decode-numeric-character-reference,https://github.com/micromark/micromark/tree/main,未分析,
nodejs,micromark-util-decode-string,https://github.com/micromark/micromark/tree/main,未分析,
nodejs,micromark-util-encode,https://github.com/micromark/micromark/tree/main,未分析,
nodejs,micromark-util-html-tag-name,https://github.com/micromark/micromark/tree/main,未分析,
nodejs,micromark-util-normalize-identifier,https://github.com/micromark/micromark/tree/main,未分析,
nodejs,micromark-util-resolve-all,https://github.com/micromark/micromark/tree/main,未分析,
nodejs,micromark-util-sanitize-uri,https://github.com/micromark/micromark/tree/main,未分析,
nodejs,micromark-util-subtokenize,https://github.com/micromark/micromark/tree/main,未分析,
nodejs,micromark-util-symbol,https://github.com/micromark/micromark/tree/main,未分析,
nodejs,micromark-util-types,https://github.com/micromark/micromark/tree/main,未分析,
nodejs,micromatch,https://github.com/micromatch/micromatch,未分析,
nodejs,mime-db,https://github.com/jshttp/mime-db,未分析,
nodejs,mime-types,https://github.com/jshttp/mime-types,未分析,
nodejs,mimic-fn,https://github.com/sindresorhus/mimic-fn,未分析,
nodejs,mimic-response,https://github.com/sindresorhus/mimic-response,未分析,
nodejs,min-document,https://github.com/Raynos/min-document,未分析,
nodejs,mind-dxk,,未分析(无仓),
nodejs,MindPlus,,未分析(无仓),
nodejs,mini-create-react-context,https://github.com/StringEpsilon/mini-create-react-context,未分析,
nodejs,minimalistic-assert,https://github.com/calvinmetcalf/minimalistic-assert,未分析,
nodejs,minimalistic-crypto-utils,https://github.com/indutny/minimalistic-crypto-utils,未分析,
nodejs,minimatch,https://github.com/isaacs/minimatch,未分析,
nodejs,minimist,https://github.com/minimistjs/minimist,未分析,
nodejs,minipass,https://github.com/isaacs/minipass,未分析,
nodejs,minipass-collect,https://github.com/isaacs/minipass-collect,未分析,
nodejs,minipass-fetch,https://github.com/npm/minipass-fetch,未分析,
nodejs,minipass-flush,https://github.com/isaacs/minipass-flush,未分析,
nodejs,minipass-pipeline,https://github.com/isaacs/minipass-pipeline,未分析,
nodejs,minipass-sized,https://github.com/isaacs/minipass-sized,未分析,
nodejs,minizlib,https://github.com/isaacs/minizlib,未分析,
nodejs,mitt,https://github.com/developit/mitt,未分析,
nodejs,mixin-deep,https://github.com/jonschlinkert/mixin-deep,未分析,
nodejs,mkdirp,https://github.com/isaacs/node-mkdirp,未分析,
nodejs,mkdirp-classic,https://github.com/mafintosh/mkdirp-classic,未分析,
nodejs,mkpath,https://github.com/jrajav/mkpath,未分析,
nodejs,mobx,https://github.com/mobxjs/mobx,未分析,
nodejs,mobx-react-lite,https://github.com/mobxjs/mobx,未分析,
nodejs,mocha,https://github.com/mochajs/mocha,未分析,
nodejs,modify-filename,https://github.com/sindresorhus/modify-filename,未分析,
nodejs,module-details-from-path,https://github.com/watson/module-details-from-path,未分析,
nodejs,moment,https://github.com/moment/moment,未分析,
nodejs,moment-timezone,https://github.com/moment/moment-timezone,未分析,
nodejs,monorepo-symlink-test,https://github.com/npm/security-holder,未分析,
nodejs,motion,https://github.com/motiondivision/motion,未分析,
nodejs,motion-dom,https://github.com/motiondivision/motion,未分析,
nodejs,motion-utils,https://github.com/motiondivision/motion,未分析,
nodejs,ms,https://github.com/vercel/ms,未分析,
nodejs,mss-sdk-apis,https://github.com/meituan/mssapi_js_apis,未分析,
nodejs,multicast-dns-service-types,https://github.com/mafintosh/multicast-dns-service-types,未分析,
nodejs,multiparty,https://github.com/pillarjs/multiparty,未分析,
nodejs,mute-stdout,https://github.com/gulpjs/mute-stdout,未分析,
nodejs,mute-stream,https://github.com/npm/mute-stream,未分析,
nodejs,mylib,https://github.com/toddmoore/mylib,未分析,
nodejs,mz,https://github.com/normalize/mz,未分析,
nodejs,mz-modules,https://github.com/node-modules/mz-modules,未分析,
nodejs,named-js-regexp,https://github.com/edvinv/named-js-regexp,未分析,
nodejs,nanoevents,https://github.com/ai/nanoevents,未分析,
nodejs,nanoid,https://github.com/ai/nanoid,未分析,
nodejs,nanomatch,https://github.com/micromatch/nanomatch,未分析,
nodejs,native-process-utils,,未分析(无仓),
nodejs,natsort,https://github.com/bubkoo/natsort,未分析,
nodejs,ndarray,https://github.com/mikolalysenko/ndarray,未分析,
nodejs,ndarray-ops,https://github.com/mikolalysenko/ndarray-ops,未分析,
nodejs,nedb,https://github.com/louischatriot/nedb,未分析,
nodejs,needle,https://github.com/tomas/needle,未分析,
nodejs,negotiator,https://github.com/jshttp/negotiator,未分析,
nodejs,nertc-web-sdk,,未分析(无仓),
nodejs,netmask,https://github.com/rs/node-netmask,未分析,
nodejs,network,https://github.com/tomas/network,未分析,
nodejs,new-github-issue-url,https://github.com/sindresorhus/new-github-issue-url,未分析,
nodejs,next-tick,https://github.com/medikoo/next-tick,未分析,
nodejs,ng-zorro-antd,https://github.com/NG-ZORRO/ng-zorro-antd,未分析,
nodejs,ngx-bootstrap,https://github.com/valor-software/ngx-bootstrap,未分析,
nodejs,nice-try,https://github.com/electerious/nice-try,未分析,
nodejs,nimn-date-parser,https://github.com/nimndata/nimnjs-date-parser,未分析,
nodejs,nimn_schema_builder,https://github.com/nimndata/nimnjs-schema-builder,未分析,
nodejs,nimnjs,https://github.com/NaturalIntelligence/nimnjs,未分析,
nodejs,node-abi,https://github.com/electron/node-abi,未分析,
nodejs,node-abort-controller,https://github.com/southpolesteve/node-abort-controller,未分析,
nodejs,node-cache,https://github.com/node-cache/node-cache,未分析,
nodejs,node-dir,https://github.com/fshost/node-dir,未分析,
nodejs,node-downloader-helper,https://github.com/hgouveia/node-downloader-helper,未分析,
nodejs,node-fetch,https://github.com/node-fetch/node-fetch,未分析,
nodejs,node-forge,https://github.com/digitalbazaar/forge,未分析,
nodejs,node-gyp-build,https://github.com/prebuild/node-gyp-build,未分析,
nodejs,node-gzip,https://github.com/Rebsos/node-gzip,未分析,
nodejs,node-hex,https://github.com/node-modules/node-hex,未分析,
nodejs,node-html-markdown,https://github.com/crosstype/node-html-markdown,未分析,
nodejs,node-html-parser,https://github.com/taoqf/node-fast-html-parser,未分析,
nodejs,node-int64,https://github.com/broofa/node-int64,未分析,
nodejs,node-ipc,https://github.com/RIAEvangelist/node-ipc,未分析,
nodejs,node-jsencrypt,https://github.com/ArnaudValensi/node-jsencrypt,未分析,
nodejs,node-libs-browser,https://github.com/webpack/node-libs-browser,未分析,
nodejs,node-localstorage,https://github.com/lmaccherone/node-localstorage,未分析,
nodejs,node-notifier,https://github.com/mikaelbr/node-notifier,未分析,
nodejs,node-pre-gyp,https://github.com/mapbox/node-pre-gyp,未分析,
nodejs,node-releases,https://github.com/chicoxyzzy/node-releases,未分析,
nodejs,node-rsa,https://github.com/rzcoder/node-rsa,未分析,
nodejs,node-schedule,https://github.com/node-schedule/node-schedule,未分析,
nodejs,node-screenshots-darwin-arm64,https://github.com/nashaofu/node-screenshots,未分析,
nodejs,node-stream-zip,https://github.com/antelle/node-stream-zip,未分析,
nodejs,node-tnef,https://github.com/gatewayapps/node-tnef,未分析,
nodejs,node-unix-socket,,未分析(无仓),
nodejs,node-unix-socket-linux-x64-gnu,,未分析(无仓),
nodejs,node-version-compare,https://github.com/leohihimax/node-version-compare,未分析,
nodejs,node-wifi,https://github.com/friedrith/node-wifi,未分析,
nodejs,node-windows,https://github.com/coreybutler/node-windows,未分析,
nodejs,node-zip,https://github.com/daraosn/node-zip,未分析,
nodejs,nodejs-base64,https://github.com/catcher-in-the-try/nodejs-base64,未分析,
nodejs,nodejs-file-downloader,https://github.com/ibrod83/nodejs-file-downloader,未分析,
nodejs,nodejs-websocket,https://github.com/sitegui/nodejs-websocket,未分析,
nodejs,noms,https://github.com/calvinmetcalf/noms,未分析,
nodejs,noop-logger,https://github.com/segmentio/noop-logger,未分析,
nodejs,nopt,https://github.com/npm/nopt,未分析,
nodejs,normalize-package-data,https://github.com/npm/normalize-package-data,未分析,
nodejs,normalize-path,https://github.com/jonschlinkert/normalize-path,未分析,
nodejs,normalize-url,https://github.com/sindresorhus/normalize-url,未分析,
nodejs,normalize-wheel,,未分析(无仓),
nodejs,normalize-wheel-es,https://github.com/sxzz/normalize-wheel-es,未分析,
nodejs,nosleep.js,https://github.com/richtr/NoSleep.js,未分析,
nodejs,now-and-later,https://github.com/gulpjs/now-and-later,未分析,
nodejs,npm-bundled,https://github.com/npm/npm-bundled,未分析,
nodejs,npm-conf,https://github.com/kevva/npm-conf,未分析,
nodejs,npm-packlist,https://github.com/npm/npm-packlist,未分析,
nodejs,npm-run-path,https://github.com/sindresorhus/npm-run-path,未分析,
nodejs,npmlog,https://github.com/npm/npmlog,未分析,
nodejs,nprogress,https://github.com/rstacruz/nprogress,未分析,
nodejs,nugget,https://github.com/maxogden/nugget,未分析,
nodejs,number-is-nan,https://github.com/sindresorhus/number-is-nan,未分析,
nodejs,nw-pre-gyp-module-test,,未分析(无仓),
nodejs,nzh,https://github.com/cnwhy/nzh,未分析,
nodejs,oauth-sign,https://github.com/mikeal/oauth-sign,未分析,
nodejs,object-assign,https://github.com/sindresorhus/object-assign,未分析,
nodejs,object-copy,https://github.com/jonschlinkert/object-copy,未分析,
nodejs,object-filter,https://github.com/mmalecki/object-filter,未分析,
nodejs,object-hash,https://github.com/puleos/object-hash,未分析,
nodejs,object-inspect,https://github.com/inspect-js/object-inspect,未分析,
nodejs,object-is,https://github.com/es-shims/object-is,未分析,
nodejs,object-keys,https://github.com/ljharb/object-keys,未分析,
nodejs,object-visit,https://github.com/jonschlinkert/object-visit,未分析,
nodejs,object.assign,https://github.com/ljharb/object.assign,未分析,
nodejs,object.defaults,https://github.com/jonschlinkert/object.defaults,未分析,
nodejs,object.getownpropertydescriptors,https://github.com/es-shims/object.getownpropertydescriptors,未分析,
nodejs,object.map,https://github.com/jonschlinkert/object.map,未分析,
nodejs,object.omit,https://github.com/jonschlinkert/object.omit,未分析,
nodejs,object.pick,https://github.com/jonschlinkert/object.pick,未分析,
nodejs,object.reduce,https://github.com/jonschlinkert/object.reduce,未分析,
nodejs,obuf,https://github.com/indutny/offset-buffer,未分析,
nodejs,omggif,https://github.com/deanm/omggif,未分析,
nodejs,on-finished,https://github.com/jshttp/on-finished,未分析,
nodejs,on-headers,https://github.com/jshttp/on-headers,未分析,
nodejs,once,https://github.com/isaacs/once,未分析,
nodejs,one-time,https://github.com/3rd-Eden/one-time,未分析,
nodejs,onetime,https://github.com/sindresorhus/onetime,未分析,
nodejs,only,https://github.com/visionmedia/node-only,未分析,
nodejs,onnx-proto,https://github.com/chaosmail/onnx-proto,未分析,
nodejs,onnxruntime-common,https://github.com/Microsoft/onnxruntime,未分析,
nodejs,open,https://github.com/sindresorhus/open,未分析,
nodejs,opentelemetry,,未分析(无仓),
nodejs,opentype.js,https://github.com/opentypejs/opentype.js,未分析,
nodejs,optimist,https://github.com/substack/node-optimist,未分析,
nodejs,option,https://github.com/mwilliamson/node-options,未分析,
nodejs,optionator,https://github.com/gkz/optionator,未分析,
nodejs,options,https://github.com/einaros/options.js,未分析,
nodejs,ora,https://github.com/sindresorhus/ora,未分析,
nodejs,ordered-read-streams,https://github.com/gulpjs/ordered-read-streams,未分析,
nodejs,os-browserify,https://github.com/CoderPuppy/os-browserify,未分析,
nodejs,os-homedir,https://github.com/sindresorhus/os-homedir,未分析,
nodejs,os-name,https://github.com/sindresorhus/os-name,未分析,
nodejs,os-tmpdir,https://github.com/sindresorhus/os-tmpdir,未分析,
nodejs,osenv,https://github.com/npm/osenv,未分析,
nodejs,osx-release,https://github.com/sindresorhus/osx-release,未分析,
nodejs,own-keys,https://github.com/ljharb/own-keys,未分析,
nodejs,p-cancelable,https://github.com/sindresorhus/p-cancelable,未分析,
nodejs,p-event,https://github.com/sindresorhus/p-event,未分析,
nodejs,p-finally,https://github.com/sindresorhus/p-finally,未分析,
nodejs,p-is-promise,https://github.com/sindresorhus/p-is-promise,未分析,
nodejs,p-iteration,https://github.com/toniov/p-iteration,未分析,
nodejs,p-limit,https://github.com/sindresorhus/p-limit,未分析,
nodejs,p-locate,https://github.com/sindresorhus/p-locate,未分析,
nodejs,p-map,https://github.com/sindresorhus/p-map,未分析,
nodejs,p-timeout,https://github.com/sindresorhus/p-timeout,未分析,
nodejs,p-try,https://github.com/sindresorhus/p-try,未分析,
nodejs,pac-proxy-agent,https://github.com/TooTallNate/proxy-agents/tree/HEAD/packages/pac-proxy-agent,未分析,
nodejs,pac-resolver,https://github.com/TooTallNate/proxy-agents/tree/HEAD/packages/pac-resolver,未分析,
nodejs,package-json-from-dist,https://github.com/isaacs/package-json-from-dist,未分析,
nodejs,parchment,https://github.com/quilljs/parchment,未分析,
nodejs,parse-bmfont-ascii,https://github.com/mattdesl/parse-bmfont-ascii,未分析,
nodejs,parse-bmfont-binary,https://github.com/Jam3/parse-bmfont-binary,未分析,
nodejs,parse-bmfont-xml,https://github.com/mattdesl/parse-bmfont-xml,未分析,
nodejs,parse-filepath,https://github.com/jonschlinkert/parse-filepath,未分析,
nodejs,parse-glob,https://github.com/jonschlinkert/parse-glob,未分析,
nodejs,parse-headers,https://github.com/kesla/parse-headers,未分析,
nodejs,parse-json,https://github.com/sindresorhus/parse-json,未分析,
nodejs,parse-node-version,https://github.com/gulpjs/parse-node-version,未分析,
nodejs,parse-passwd,https://github.com/doowb/parse-passwd,未分析,
nodejs,parse-srcset,https://github.com/albell/parse-srcset,未分析,
nodejs,parse5,https://github.com/inikulin/parse5,未分析,
nodejs,parse5-htmlparser2-tree-adapter,https://github.com/inikulin/parse5,未分析,
nodejs,parse5-parser-stream,https://github.com/inikulin/parse5,未分析,
nodejs,parseqs,https://github.com/get/querystring,未分析,
nodejs,parseuri,https://github.com/slevithan/parseuri,未分析,
nodejs,parseurl,https://github.com/pillarjs/parseurl,未分析,
nodejs,pascalcase,https://github.com/jonschlinkert/pascalcase,未分析,
nodejs,path-browserify,https://github.com/browserify/path-browserify,未分析,
nodejs,path-dirname,https://github.com/es128/path-dirname,未分析,
nodejs,path-exists,https://github.com/sindresorhus/path-exists,未分析,
nodejs,path-is-absolute,https://github.com/sindresorhus/path-is-absolute,未分析,
nodejs,path-key,https://github.com/sindresorhus/path-key,未分析,
nodejs,path-parse,https://github.com/jbgutierrez/path-parse,未分析,
nodejs,path-root,https://github.com/jonschlinkert/path-root,未分析,
nodejs,path-root-regex,https://github.com/regexhq/path-root-regex,未分析,
nodejs,path-scurry,https://github.com/isaacs/path-scurry,未分析,
nodejs,path-to-regexp,https://github.com/pillarjs/path-to-regexp,未分析,
nodejs,path-type,https://github.com/sindresorhus/path-type,未分析,
nodejs,pause-stream,https://github.com/dominictarr/pause-stream,未分析,
nodejs,pbkdf2-compat,https://github.com/crypto-browserify/pbkdf2-compat,未分析,
nodejs,pdfjs-dist,https://github.com/mozilla/pdf.js,未分析,
nodejs,pdfkit,https://github.com/foliojs/pdfkit,未分析,
nodejs,peek-readable,https://github.com/Borewit/peek-readable,未分析,
nodejs,peerjs,https://github.com/peers/peerjs,未分析,
nodejs,peerjs-js-binarypack,https://github.com/peers/js-binarypack,未分析,
nodejs,pend,https://github.com/andrewrk/node-pend,未分析,
nodejs,performance-now,https://github.com/braveg1rl/performance-now,未分析,
nodejs,pg-hstore,https://github.com/scarney81/pg-hstore,未分析,
nodejs,pg-int8,https://github.com/charmander/pg-int8,未分析,
nodejs,pg-numeric,https://github.com/charmander/pg-numeric,未分析,
nodejs,pg-protocol,https://github.com/brianc/node-postgres/tree/HEAD/packages/pg-protocol,未分析,
nodejs,pg-types,https://github.com/brianc/node-pg-types,未分析,
nodejs,phin,https://github.com/ethanent/phin,未分析,
nodejs,picocolors,https://github.com/alexeyraspopov/picocolors,未分析,
nodejs,picomatch,https://github.com/micromatch/picomatch,未分析,
nodejs,pidtree,https://github.com/simonepri/pidtree,未分析,
nodejs,pify,https://github.com/sindresorhus/pify,未分析,
nodejs,ping,https://github.com/danielzzz/node-ping,未分析,
nodejs,pinia,https://github.com/vuejs/pinia,未分析,
nodejs,pinkie,https://github.com/floatdrop/pinkie,未分析,
nodejs,pinkie-promise,https://github.com/floatdrop/pinkie-promise,未分析,
nodejs,pinyin-match,https://github.com/xmflswood/pinyin-match,未分析,
nodejs,pinyin-pro,https://github.com/zh-lx/pinyin-pro,未分析,
nodejs,pipeline-pipe,https://github.com/piglovesyou/pipeline-pipe,未分析,
nodejs,pixelmatch,https://github.com/mapbox/pixelmatch,未分析,
nodejs,pkce-challenge,https://github.com/crouchcd/pkce-challenge,未分析,
nodejs,pkg-conf,https://github.com/sindresorhus/pkg-conf,未分析,
nodejs,pkg-dir,https://github.com/sindresorhus/pkg-dir,未分析,
nodejs,pkg-prebuilds,https://github.com/Julusian/pkg-prebuilds,未分析,
nodejs,pkg-up,https://github.com/sindresorhus/pkg-up,未分析,
nodejs,platform,https://github.com/bestiejs/platform.js,未分析,
nodejs,pngjs,https://github.com/pngjs/pngjs,未分析,
nodejs,poolifier,https://github.com/poolifier/poolifier,未分析,
nodejs,popmotion,https://github.com/Popmotion/popmotion/tree/master,未分析,
nodejs,portfinder,https://github.com/http-party/node-portfinder,未分析,
nodejs,portscanner,https://github.com/baalexander/node-portscanner,未分析,
nodejs,posix-character-classes,https://github.com/jonschlinkert/posix-character-classes,未分析,
nodejs,possible-typed-array-names,https://github.com/ljharb/possible-typed-array-names,未分析,
nodejs,postgres-array,https://github.com/bendrucker/postgres-array,未分析,
nodejs,postgres-bytea,https://github.com/bendrucker/postgres-bytea,未分析,
nodejs,postgres-date,https://github.com/bendrucker/postgres-date,未分析,
nodejs,postgres-interval,https://github.com/bendrucker/postgres-interval,未分析,
nodejs,postgres-range,https://github.com/martianboy/postgres-range,未分析,
nodejs,pouchdb,https://github.com/pouchdb/pouchdb,未分析,
nodejs,pouchdb-abstract-mapreduce,https://github.com/pouchdb/pouchdb/tree/HEAD/packages/node_modules/pouchdb-abstract-mapreduce,未分析,
nodejs,pouchdb-all-dbs,https://github.com/nolanlawson/pouchdb-all-dbs,未分析,
nodejs,pouchdb-auth,https://github.com/pouchdb/pouchdb-server,未分析,
nodejs,pouchdb-binary-utils,https://github.com/pouchdb/pouchdb/tree/HEAD/packages/node_modules/pouchdb-binary-utils,未分析,
nodejs,pouchdb-bulkdocs-wrapper,https://github.com/pouchdb/pouchdb-server,未分析,
nodejs,pouchdb-changeslike-wrapper,https://github.com/pouchdb/pouchdb-server,未分析,
nodejs,pouchdb-collate,https://github.com/pouchdb/pouchdb/tree/HEAD/packages/node_modules/pouchdb-collate,未分析,
nodejs,pouchdb-collections,https://github.com/pouchdb/pouchdb/tree/HEAD/packages/node_modules/pouchdb-collections,未分析,
nodejs,pouchdb-errors,https://github.com/pouchdb/pouchdb/tree/HEAD/packages/node_modules/pouchdb-errors,未分析,
nodejs,pouchdb-fauxton,https://github.com/pouchdb/pouchdb-fauxton,未分析,
nodejs,pouchdb-fetch,https://github.com/pouchdb/pouchdb/tree/HEAD/packages/node_modules/pouchdb-fetch,未分析,
nodejs,pouchdb-find,https://github.com/pouchdb/pouchdb/tree/HEAD/packages/node_modules/pouchdb-find,未分析,
nodejs,pouchdb-list,https://github.com/pouchdb/pouchdb-server,未分析,
nodejs,pouchdb-mapreduce-utils,https://github.com/pouchdb/pouchdb/tree/HEAD/packages/node_modules/pouchdb-mapreduce-utils,未分析,
nodejs,pouchdb-md5,https://github.com/pouchdb/pouchdb/tree/HEAD/packages/node_modules/pouchdb-md5,未分析,
nodejs,pouchdb-plugin-error,https://github.com/pouchdb/pouchdb-server,未分析,
nodejs,pouchdb-promise,https://github.com/pouchdb/pouchdb,未分析,
nodejs,pouchdb-replicator,https://github.com/pouchdb/pouchdb-server,未分析,
nodejs,pouchdb-req-http-query,https://github.com/pouchdb/pouchdb-server,未分析,
nodejs,pouchdb-rewrite,https://github.com/pouchdb/pouchdb-server,未分析,
nodejs,pouchdb-route,https://github.com/pouchdb/pouchdb-server,未分析,
nodejs,pouchdb-security,https://github.com/pouchdb/pouchdb-server,未分析,
nodejs,pouchdb-selector-core,https://github.com/pouchdb/pouchdb/tree/HEAD/packages/node_modules/pouchdb-selector-core,未分析,
nodejs,pouchdb-show,https://github.com/pouchdb/pouchdb-server,未分析,
nodejs,pouchdb-size,https://github.com/pouchdb/pouchdb-server,未分析,
nodejs,pouchdb-system-db,https://github.com/pouchdb/pouchdb-server,未分析,
nodejs,pouchdb-update,https://github.com/pouchdb/pouchdb-server,未分析,
nodejs,pouchdb-utils,https://github.com/pouchdb/pouchdb/tree/HEAD/packages/node_modules/pouchdb-utils,未分析,
nodejs,pouchdb-validation,https://github.com/pouchdb/pouchdb-server,未分析,
nodejs,pouchdb-vhost,https://github.com/pouchdb/pouchdb-server,未分析,
nodejs,pouchdb-wrappers,https://github.com/pouchdb/pouchdb-wrappers,未分析,
nodejs,powershell-utils,https://github.com/sindresorhus/powershell-utils,未分析,
nodejs,preact,https://github.com/preactjs/preact,未分析,
nodejs,prebuild-install,https://github.com/prebuild/prebuild-install,未分析,
nodejs,prelude-ls,https://github.com/gkz/prelude-ls,未分析,
nodejs,prepend-http,https://github.com/sindresorhus/prepend-http,未分析,
nodejs,preserve,https://github.com/jonschlinkert/preserve,未分析,
nodejs,pretty-bytes,https://github.com/sindresorhus/pretty-bytes,未分析,
nodejs,pretty-hrtime,https://github.com/robrich/pretty-hrtime,未分析,
nodejs,printj,https://github.com/SheetJS/printj,未分析,
nodejs,private,https://github.com/benjamn/private,未分析,
nodejs,process,https://github.com/shtylman/node-process,未分析,
nodejs,process-nextick-args,https://github.com/calvinmetcalf/process-nextick-args,未分析,
nodejs,progress,https://github.com/visionmedia/node-progress,未分析,
nodejs,progress-stream,https://github.com/freeall/progress-stream,未分析,
nodejs,promise,https://github.com/then/promise,未分析,
nodejs,promise-inflight,https://github.com/iarna/promise-inflight,未分析,
nodejs,promise-nodify,https://github.com/marten-de-vries/promise-nodify,未分析,
nodejs,promise-retry,https://github.com/IndigoUnited/node-promise-retry,未分析,
nodejs,promise-stream-reader,https://github.com/princjef/promise-stream-reader,未分析,
nodejs,promise.allsettled,https://github.com/es-shims/Promise.allSettled,未分析,
nodejs,prop-types,https://github.com/facebook/prop-types,未分析,
nodejs,properties-reader,https://github.com/steveukx/properties,未分析,
nodejs,proto-list,https://github.com/isaacs/proto-list,未分析,
nodejs,protobufjs,https://github.com/protobufjs/protobuf.js,未分析,
nodejs,proxy-addr,https://github.com/jshttp/proxy-addr,未分析,
nodejs,proxy-agent,https://github.com/TooTallNate/proxy-agents/tree/HEAD/packages/proxy-agent,未分析,
nodejs,proxy-from-env,https://github.com/Rob--W/proxy-from-env,未分析,
nodejs,proxy-verifier,https://github.com/chill117/proxy-verifier,未分析,
nodejs,prr,https://github.com/rvagg/prr,未分析,
nodejs,ps-list,https://github.com/sindresorhus/ps-list,未分析,
nodejs,pseudomap,https://github.com/isaacs/pseudomap,未分析,
nodejs,psl,https://github.com/lupomontero/psl,未分析,
nodejs,pst-extractor,https://github.com/epfromer/pst-extractor,未分析,
nodejs,pubsub-js,https://github.com/mroderick/PubSubJS,未分析,
nodejs,pump,https://github.com/mafintosh/pump,未分析,
nodejs,pumpify,https://github.com/mafintosh/pumpify,未分析,
nodejs,punycode,https://github.com/mathiasbynens/punycode.js,未分析,
nodejs,pupa,https://github.com/sindresorhus/pupa,未分析,
nodejs,q,https://github.com/kriskowal/q,未分析,
nodejs,qr-code-styling,https://github.com/kozakdenys/qr-code-styling,未分析,
nodejs,qr.js,https://github.com/shtylman/qr.js,未分析,
nodejs,qrcode,https://github.com/soldair/node-qrcode,未分析,
nodejs,qrcode-generator,https://github.com/kazuhikoarase/qrcode-generator,未分析,
nodejs,qrcode-reader,https://github.com/edi9999/jsqrcode,未分析,
nodejs,qrcode.vue,https://github.com/scopewu/qrcode.vue,未分析,
nodejs,qrcodejs2,https://github.com/davidshimjs/qrcodejs,未分析,
nodejs,qs,https://github.com/ljharb/qs,未分析,
nodejs,qt-peer,,未分析(无仓),
nodejs,query-selector-shadow-dom,https://github.com/webdriverio/query-selector-shadow-dom,未分析,
nodejs,query-string,https://github.com/sindresorhus/query-string,未分析,
nodejs,querystring,https://github.com/Gozala/querystring,未分析,
nodejs,querystring-es3,https://github.com/mike-spainhower/querystring,未分析,
nodejs,querystringify,https://github.com/unshiftio/querystringify,未分析,
nodejs,queue,https://github.com/jessetane/queue,未分析,
nodejs,queue-fifo,https://github.com/jasonsjones/queue-fifo,未分析,
nodejs,queue-microtask,https://github.com/feross/queue-microtask,未分析,
nodejs,queue-tick,https://github.com/mafintosh/queue-tick,未分析,
nodejs,quick-lru,https://github.com/sindresorhus/quick-lru,未分析,
nodejs,quill,https://github.com/slab/quill/tree/HEAD/packages/quill,未分析,
nodejs,quill-delta,https://github.com/quilljs/delta,未分析,
nodejs,raf-schd,https://github.com/alexreardon/raf-schd,未分析,
nodejs,ramda,https://github.com/ramda/ramda,未分析,
nodejs,random-bytes,https://github.com/crypto-utils/random-bytes,未分析,
nodejs,random-uuid-v4,https://github.com/leahciMic/uuid-v4,未分析,
nodejs,randomatic,https://github.com/jonschlinkert/randomatic,未分析,
nodejs,randombytes,https://github.com/crypto-browserify/randombytes,未分析,
nodejs,range-parser,https://github.com/jshttp/range-parser,未分析,
nodejs,raw-body,https://github.com/stream-utils/raw-body,未分析,
nodejs,rc,https://github.com/dominictarr/rc,未分析,
nodejs,rc-cascader,https://github.com/react-component/cascader,未分析,
nodejs,rc-checkbox,https://github.com/react-component/checkbox,未分析,
nodejs,rc-collapse,https://github.com/react-component/collapse,未分析,
nodejs,rc-dialog,https://github.com/react-component/dialog,未分析,
nodejs,rc-drawer,https://github.com/react-component/drawer,未分析,
nodejs,rc-dropdown,https://github.com/react-component/dropdown,未分析,
nodejs,rc-field-form,https://github.com/react-component/field-form,未分析,
nodejs,rc-image,https://github.com/react-component/image,未分析,
nodejs,rc-input,https://github.com/react-component/input,未分析,
nodejs,rc-input-number,https://github.com/react-component/input-number,未分析,
nodejs,rc-mentions,https://github.com/react-component/mentions,未分析,
nodejs,rc-menu,https://github.com/react-component/menu,未分析,
nodejs,rc-motion,https://github.com/react-component/motion,未分析,
nodejs,rc-notification,https://github.com/react-component/notification,未分析,
nodejs,rc-overflow,https://github.com/react-component/overflow,未分析,
nodejs,rc-pagination,https://github.com/react-component/pagination,未分析,
nodejs,rc-picker,https://github.com/react-component/picker,未分析,
nodejs,rc-progress,https://github.com/react-component/progress,未分析,
nodejs,rc-rate,https://github.com/react-component/rate,未分析,
nodejs,rc-resize-observer,https://github.com/react-component/resize-observer,未分析,
nodejs,rc-segmented,https://github.com/react-component/segmented,未分析,
nodejs,rc-select,https://github.com/react-component/select,未分析,
nodejs,rc-slider,https://github.com/react-component/slider,未分析,
nodejs,rc-steps,https://github.com/react-component/steps,未分析,
nodejs,rc-switch,https://github.com/react-component/switch,未分析,
nodejs,rc-table,https://github.com/react-component/table,未分析,
nodejs,rc-tabs,https://github.com/react-component/tabs,未分析,
nodejs,rc-textarea,https://github.com/react-component/textarea,未分析,
nodejs,rc-tooltip,https://github.com/react-component/tooltip,未分析,
nodejs,rc-tree,https://github.com/react-component/tree,未分析,
nodejs,rc-tree-select,https://github.com/react-component/tree-select,未分析,
nodejs,rc-trigger,https://github.com/react-component/trigger,未分析,
nodejs,rc-upload,https://github.com/react-component/upload,未分析,
nodejs,rc-util,https://github.com/react-component/util,未分析,
nodejs,rc-virtual-list,https://github.com/react-component/virtual-list,未分析,
nodejs,re-resizable,https://github.com/bokuweb/react-resizable-box,未分析,
nodejs,react-addons-css-transition-group,https://github.com/facebook/react,未分析,
nodejs,react-beautiful-dnd,https://github.com/atlassian/react-beautiful-dnd,未分析,
nodejs,react-data-grid,https://github.com/Comcast/react-data-grid,未分析,
nodejs,react-dom,https://github.com/facebook/react/tree/HEAD/packages/react-dom,未分析,
nodejs,react-easy-swipe,https://github.com/leandrowd/react-easy-swipe,未分析,
nodejs,react-fast-compare,https://github.com/FormidableLabs/react-fast-compare,未分析,
nodejs,react-hotkeys,https://github.com/greena13/react-hotkeys,未分析,
nodejs,react-infinite-scroll-component,https://github.com/ankeetmaini/react-infinite-scroll-component,未分析,
nodejs,react-is,https://github.com/facebook/react/tree/HEAD/packages/react-is,未分析,
nodejs,react-lifecycles-compat,https://github.com/reactjs/react-lifecycles-compat,未分析,
nodejs,react-otp-input,https://github.com/devfolioco/react-otp-input,未分析,
nodejs,react-redux,https://github.com/reduxjs/react-redux,未分析,
nodejs,react-responsive-carousel,https://github.com/leandrowd/react-responsive-carousel,未分析,
nodejs,react-router,https://github.com/remix-run/react-router/tree/HEAD/packages/react-router,未分析,
nodejs,react-router-dom,https://github.com/remix-run/react-router/tree/HEAD/packages/react-router-dom,未分析,
nodejs,react-screenshots,https://github.com/nashaofu/screenshots,未分析,
nodejs,react-scroll,https://github.com/fisshy/react-scroll,未分析,
nodejs,react-svg,https://github.com/tanem/react-svg,未分析,
nodejs,react-svg-pan-zoom,https://github.com/chrvadala/react-svg-pan-zoom,未分析,
nodejs,react-svgmt,https://github.com/hugozap/react-svgmt,未分析,
nodejs,react-toggle,https://github.com/aaronshaf/react-toggle,未分析,
nodejs,react-transition-group,https://github.com/reactjs/react-transition-group,未分析,
nodejs,react-transition-state,https://github.com/szhsin/react-transition-state,未分析,
nodejs,react-virtualized,https://github.com/bvaughn/react-virtualized,未分析,
nodejs,read-chunk,https://github.com/sindresorhus/read-chunk,未分析,
nodejs,read-pkg,https://github.com/sindresorhus/read-pkg,未分析,
nodejs,read-pkg-up,https://github.com/sindresorhus/read-pkg-up,未分析,
nodejs,readable-web-to-node-stream,https://github.com/Borewit/readable-web-to-node-stream,未分析,
nodejs,readdir-glob,https://github.com/Yqnn/node-readdir-glob,未分析,
nodejs,readdirp,https://github.com/paulmillr/readdirp,未分析,
nodejs,realistic-structured-clone,https://github.com/dumbmatter/realistic-structured-clone,未分析,
nodejs,recast,https://github.com/benjamn/recast,未分析,
nodejs,rechoir,https://github.com/gulpjs/rechoir,未分析,
nodejs,reconnecting-websocket,https://github.com/pladaria/reconnecting-websocket,未分析,
nodejs,record-editor,https://github.com/inspirehep/record-editor,未分析,
nodejs,reduce-flatten,https://github.com/75lb/reduce-flatten,未分析,
nodejs,redux,https://github.com/reduxjs/redux,未分析,
nodejs,redux-logger,https://github.com/theaqua/redux-logger,未分析,
nodejs,redux-thunk,https://github.com/reduxjs/redux-thunk,未分析,
nodejs,ref-struct-di,https://github.com/node-ffi-napi/ref-struct-di,未分析,
nodejs,reflect.getprototypeof,https://github.com/es-shims/Reflect.getPrototypeOf,未分析,
nodejs,regenerate,https://github.com/mathiasbynens/regenerate,未分析,
nodejs,regenerate-unicode-properties,https://github.com/mathiasbynens/regenerate-unicode-properties,未分析,
nodejs,regenerator,https://github.com/facebook/regenerator,未分析,
nodejs,regenerator-preset,https://github.com/facebook/regenerator/tree/main,未分析,
nodejs,regenerator-runtime,https://github.com/facebook/regenerator/tree/main,未分析,
nodejs,regenerator-transform,https://github.com/facebook/regenerator/tree/main,未分析,
nodejs,regex-cache,https://github.com/jonschlinkert/regex-cache,未分析,
nodejs,regex-not,https://github.com/jonschlinkert/regex-not,未分析,
nodejs,regexp.prototype.flags,https://github.com/es-shims/RegExp.prototype.flags,未分析,
nodejs,regexpu-core,https://github.com/mathiasbynens/regexpu-core,未分析,
nodejs,regjsgen,https://github.com/bnjmnt4n/regjsgen,未分析,
nodejs,regjsparser,https://github.com/jviereck/regjsparser,未分析,
nodejs,remark-gfm,https://github.com/remarkjs/remark-gfm,未分析,
nodejs,remark-parse,https://github.com/remarkjs/remark/tree/main,未分析,
nodejs,remark-slate-transformer,https://github.com/inokawa/remark-slate-transformer,未分析,
nodejs,remark-stringify,https://github.com/remarkjs/remark/tree/main,未分析,
nodejs,remove-bom-buffer,https://github.com/jonschlinkert/remove-bom-buffer,未分析,
nodejs,remove-bom-stream,https://github.com/gulpjs/remove-bom-stream,未分析,
nodejs,remove-trailing-separator,https://github.com/darsain/remove-trailing-separator,未分析,
nodejs,repeat-element,https://github.com/jonschlinkert/repeat-element,未分析,
nodejs,repeat-string,https://github.com/jonschlinkert/repeat-string,未分析,
nodejs,repeating,https://github.com/sindresorhus/repeating,未分析,
nodejs,replace-ext,https://github.com/gulpjs/replace-ext,未分析,
nodejs,replace-homedir,https://github.com/gulpjs/replace-homedir,未分析,
nodejs,request,https://github.com/request/request,未分析,
nodejs,request-progress,https://github.com/IndigoUnited/node-request-progress,未分析,
nodejs,require-directory,https://github.com/troygoode/node-require-directory,未分析,
nodejs,require-from-string,https://github.com/floatdrop/require-from-string,未分析,
nodejs,require-in-the-middle,https://github.com/nodejs/require-in-the-middle,未分析,
nodejs,require-main-filename,https://github.com/yargs/require-main-filename,未分析,
nodejs,requirejs,https://github.com/jrburke/r.js,未分析,
nodejs,requires-port,https://github.com/unshiftio/requires-port,未分析,
nodejs,resize-observer-polyfill,https://github.com/que-etc/resize-observer-polyfill,未分析,
nodejs,resolve,https://github.com/browserify/resolve,未分析,
nodejs,resolve-alpn,https://github.com/szmarczak/resolve-alpn,未分析,
nodejs,resolve-dir,https://github.com/jonschlinkert/resolve-dir,未分析,
nodejs,resolve-options,https://github.com/gulpjs/resolve-options,未分析,
nodejs,resolve-pathname,https://github.com/mjackson/resolve-pathname,未分析,
nodejs,resolve-url,https://github.com/lydell/resolve-url,未分析,
nodejs,responselike,https://github.com/sindresorhus/responselike,未分析,
nodejs,resq,https://github.com/baruchvlz/resq,未分析,
nodejs,restore-cursor,https://github.com/sindresorhus/restore-cursor,未分析,
nodejs,ret,https://github.com/fent/ret.js,未分析,
nodejs,retry,https://github.com/tim-kos/node-retry,未分析,
nodejs,retry-as-promised,https://github.com/mickhansen/retry-as-promised,未分析,
nodejs,reusify,https://github.com/mcollina/reusify,未分析,
nodejs,rfdc,https://github.com/davidmarkclements/rfdc,未分析,
nodejs,rgb2hex,https://github.com/christian-bromann/rgb2hex,未分析,
nodejs,rich-domain,https://github.com/4lessandrodev/rich-domain,未分析,
nodejs,right-align,https://github.com/jonschlinkert/right-align,未分析,
nodejs,rimraf,https://github.com/isaacs/rimraf,未分析,
nodejs,ripemd160,https://github.com/crypto-browserify/ripemd160,未分析,
nodejs,robots-parser,https://github.com/samclarke/robots-parser,未分析,
nodejs,rollup-plugin-polyfill-node,https://github.com/FredKSchott/rollup-plugin-polyfill-node,未分析,
nodejs,router,https://github.com/pillarjs/router,未分析,
nodejs,rr,https://github.com/jprichardson/rr,未分析,
nodejs,rtcpeerconnection-shim,https://github.com/fippo/rtcpeerconnection-shim,未分析,
nodejs,rtf-parser,https://github.com/iarna/rtf-parser,未分析,
nodejs,rtf-stream-parser,https://github.com/mazira/rtf-stream-parser,未分析,
nodejs,run-applescript,https://github.com/sindresorhus/run-applescript,未分析,
nodejs,run-parallel,https://github.com/feross/run-parallel,未分析,
nodejs,rxjs-compat,,未分析(无仓),
nodejs,sa-sdk-node,https://github.com/sensorsdata/sa-sdk-node,未分析,
nodejs,safe-array-concat,https://github.com/ljharb/safe-array-concat,未分析,
nodejs,safe-buffer,https://github.com/feross/safe-buffer,未分析,
nodejs,safe-json-stringify,https://github.com/debitoor/safe-json-stringify,未分析,
nodejs,safe-push-apply,https://github.com/ljharb/safe-push-apply,未分析,
nodejs,safe-regex,https://github.com/davisjam/safe-regex,未分析,
nodejs,safe-regex-test,https://github.com/ljharb/safe-regex-test,未分析,
nodejs,safe-stable-stringify,https://github.com/BridgeAR/safe-stable-stringify,未分析,
nodejs,sanitize-filename,https://github.com/parshap/node-sanitize-filename,未分析,
nodejs,sax,https://github.com/isaacs/sax-js,未分析,
nodejs,scanf,https://github.com/Lellansin/node-scanf,未分析,
nodejs,scheduler,https://github.com/facebook/react/tree/HEAD/packages/scheduler,未分析,
nodejs,schema-utils,https://github.com/webpack/schema-utils,未分析,
nodejs,screenfull,https://github.com/sindresorhus/screenfull,未分析,
nodejs,scroll-into-view-if-needed,https://github.com/scroll-into-view/scroll-into-view-if-needed,未分析,
nodejs,scss-loader,https://github.com/boopathi/scss-loader,未分析,
nodejs,sdk,https://github.com/turingou/sdk,未分析,
nodejs,sdk-base,https://github.com/node-modules/sdk-base,未分析,
nodejs,sdp,https://github.com/fippo/sdp,未分析,
nodejs,secure-random,https://github.com/jprichardson/secure-random,未分析,
nodejs,seed-random,https://github.com/ForbesLindesay/seed-random,未分析,
nodejs,seek-bzip,https://github.com/cscott/seek-bzip,未分析,
nodejs,semver,https://github.com/npm/node-semver,未分析,
nodejs,semver-diff,https://github.com/sindresorhus/semver-diff,未分析,
nodejs,semver-greatest-satisfied-range,https://github.com/gulpjs/semver-greatest-satisfied-range,未分析,
nodejs,send,https://github.com/pillarjs/send,未分析,
nodejs,sequelize,https://github.com/sequelize/sequelize,未分析,
nodejs,sequelize-pool,https://github.com/sushantdhiman/sequelize-pool,未分析,
nodejs,serialize-error,https://github.com/sindresorhus/serialize-error,未分析,
nodejs,serve-static,https://github.com/expressjs/serve-static,未分析,
nodejs,set-blocking,https://github.com/yargs/set-blocking,未分析,
nodejs,set-cookie-parser,https://github.com/nfriedly/set-cookie-parser,未分析,
nodejs,set-function-length,https://github.com/ljharb/set-function-length,未分析,
nodejs,set-function-name,https://github.com/ljharb/set-function-name,未分析,
nodejs,set-immediate-shim,https://github.com/sindresorhus/set-immediate-shim,未分析,
nodejs,set-proto,https://github.com/ljharb/set-proto,未分析,
nodejs,set-value,https://github.com/jonschlinkert/set-value,未分析,
nodejs,setimmediate,https://github.com/YuzuJS/setImmediate,未分析,
nodejs,setprototypeof,https://github.com/wesleytodd/setprototypeof,未分析,
nodejs,sha.js,https://github.com/crypto-browserify/sha.js,未分析,
nodejs,shallow-equal,https://github.com/moroshko/shallow-equal,未分析,
nodejs,shebang-command,https://github.com/kevva/shebang-command,未分析,
nodejs,shebang-regex,https://github.com/sindresorhus/shebang-regex,未分析,
nodejs,shellwords,https://github.com/jimmycuadra/shellwords,未分析,
nodejs,shepherd.js,https://github.com/shipshapecode/shepherd,未分析,
nodejs,shvl,https://github.com/robinvdvleuten/shvl,未分析,
nodejs,shx,https://github.com/shelljs/shx,未分析,
nodejs,side-channel,https://github.com/ljharb/side-channel,未分析,
nodejs,side-channel-list,https://github.com/ljharb/side-channel-list,未分析,
nodejs,side-channel-map,https://github.com/ljharb/side-channel-map,未分析,
nodejs,side-channel-weakmap,https://github.com/ljharb/side-channel-weakmap,未分析,
nodejs,sigmund,https://github.com/isaacs/sigmund,未分析,
nodejs,signal-exit,https://github.com/tapjs/signal-exit,未分析,
nodejs,signale,https://github.com/klaussinani/signale,未分析,
nodejs,simple-concat,https://github.com/feross/simple-concat,未分析,
nodejs,simple-get,https://github.com/feross/simple-get,未分析,
nodejs,simple-lru-cache,,未分析(无仓),
nodejs,simple-node-logger,https://github.com/darrylwest/simple-node-logger,未分析,
nodejs,simple-peer,https://github.com/feross/simple-peer,未分析,
nodejs,simple-swizzle,https://github.com/qix-/node-simple-swizzle,未分析,
nodejs,single-line-log,https://github.com/freeall/single-line-log,未分析,
nodejs,slash,https://github.com/sindresorhus/slash,未分析,
nodejs,slick-carousel,https://github.com/kenwheeler/slick,未分析,
nodejs,slickgrid,https://github.com/6pac/SlickGrid,未分析,
nodejs,sm-crypto,https://github.com/JuneAndGreen/sm-crypto,未分析,
nodejs,snapdragon,https://github.com/here-be/snapdragon,未分析,
nodejs,snapdragon-node,https://github.com/here-be/snapdragon-node,未分析,
nodejs,snapdragon-util,https://github.com/here-be/snapdragon-util,未分析,
nodejs,socket.io-client,https://github.com/socketio/socket.io,未分析,
nodejs,socket.io-parser,https://github.com/socketio/socket.io,未分析,
nodejs,socks,https://github.com/JoshGlazebrook/socks,未分析,
nodejs,socks-proxy-agent,https://github.com/TooTallNate/proxy-agents/tree/HEAD/packages/socks-proxy-agent,未分析,
nodejs,sonic-boom,https://github.com/pinojs/sonic-boom,未分析,
nodejs,sort-keys,https://github.com/sindresorhus/sort-keys,未分析,
nodejs,sort-keys-length,https://github.com/kevva/sort-keys-length,未分析,
nodejs,sortablejs,https://github.com/SortableJS/Sortable,未分析,
nodejs,sorted-array-functions,https://github.com/mafintosh/sorted-array-functions,未分析,
nodejs,sound-play,https://github.com/nomadhoc/sound-play,未分析,
nodejs,source-list-map,https://github.com/webpack/source-list-map,未分析,
nodejs,source-map-js,https://github.com/7rulnik/source-map-js,未分析,
nodejs,source-map-resolve,https://github.com/lydell/source-map-resolve,未分析,
nodejs,source-map-support,https://github.com/evanw/node-source-map-support,未分析,
nodejs,source-map-url,https://github.com/lydell/source-map-url,未分析,
nodejs,spark-md5,https://github.com/satazor/js-spark-md5,未分析,
nodejs,sparkles,https://github.com/gulpjs/sparkles,未分析,
nodejs,spdx-correct,https://github.com/jslicense/spdx-correct.js,未分析,
nodejs,spdx-exceptions,https://github.com/kemitchell/spdx-exceptions.json,未分析,
nodejs,spdx-expression-parse,https://github.com/jslicense/spdx-expression-parse.js,未分析,
nodejs,spdx-license-ids,https://github.com/jslicense/spdx-license-ids,未分析,
nodejs,spectron,https://github.com/electron/spectron,未分析,
nodejs,speedometer,https://github.com/mafintosh/speedometer,未分析,
nodejs,split,https://github.com/dominictarr/split,未分析,
nodejs,split-on-first,https://github.com/sindresorhus/split-on-first,未分析,
nodejs,split-string,https://github.com/jonschlinkert/split-string,未分析,
nodejs,sprintf-js,https://github.com/alexei/sprintf.js,未分析,
nodejs,spy-client,,未分析(无仓),
nodejs,sqlstring,https://github.com/mysqljs/sqlstring,未分析,
nodejs,sshpk,https://github.com/joyent/node-sshpk,未分析,
nodejs,ssri,https://github.com/npm/ssri,未分析,
nodejs,stack-trace,https://github.com/felixge/node-stack-trace,未分析,
nodejs,static-extend,https://github.com/jonschlinkert/static-extend,未分析,
nodejs,static-vpn-check,,未分析(无仓),
nodejs,statuses,https://github.com/jshttp/statuses,未分析,
nodejs,steno,https://github.com/typicode/steno,未分析,
nodejs,stop-iteration-iterator,https://github.com/ljharb/stop-iteration-iterator,未分析,
nodejs,store,https://github.com/marcuswestin/store.js,未分析,
nodejs,stream-browserify,https://github.com/browserify/stream-browserify,未分析,
nodejs,stream-concat,https://github.com/sedenardi/node-stream-concat,未分析,
nodejs,stream-exhaust,https://github.com/chrisdickinson/stream-exhaust,未分析,
nodejs,stream-http,https://github.com/jhiesey/stream-http,未分析,
nodejs,stream-parser,https://github.com/TooTallNate/node-stream-parser,未分析,
nodejs,stream-shift,https://github.com/mafintosh/stream-shift,未分析,
nodejs,stream-slicer,https://github.com/kessler/stream-slicer,未分析,
nodejs,stream-wormhole,https://github.com/node-modules/stream-wormhole,未分析,
nodejs,streamifier,https://github.com/gagle/node-streamifier,未分析,
nodejs,streamroller,https://github.com/log4js-node/streamroller,未分析,
nodejs,streamx,https://github.com/mafintosh/streamx,未分析,
nodejs,strict-event-emitter-types,https://github.com/bterlson/typed-event-emitter,未分析,
nodejs,strict-uri-encode,https://github.com/kevva/strict-uri-encode,未分析,
nodejs,string-argv,https://github.com/mccormicka/string-argv,未分析,
nodejs,string-builder,https://github.com/halil/string-builder,未分析,
nodejs,string-convert,https://github.com/akiran/string-convert,未分析,
nodejs,string-width,https://github.com/sindresorhus/string-width,未分析,
nodejs,string-width-cjs,,未分析(无仓),
nodejs,string.prototype.trim,https://github.com/es-shims/String.prototype.trim,未分析,
nodejs,string.prototype.trimend,https://github.com/es-shims/String.prototype.trimEnd,未分析,
nodejs,string.prototype.trimstart,https://github.com/es-shims/String.prototype.trimStart,未分析,
nodejs,string_decoder,https://github.com/nodejs/string_decoder,未分析,
nodejs,strip-ansi,https://github.com/chalk/strip-ansi,未分析,
nodejs,strip-ansi-cjs,,未分析(无仓),
nodejs,strip-bom,https://github.com/sindresorhus/strip-bom,未分析,
nodejs,strip-comments,https://github.com/jonschlinkert/strip-comments,未分析,
nodejs,strip-dirs,https://github.com/shinnn/node-strip-dirs,未分析,
nodejs,strip-eof,https://github.com/sindresorhus/strip-eof,未分析,
nodejs,strip-final-newline,https://github.com/sindresorhus/strip-final-newline,未分析,
nodejs,strip-json-comments,https://github.com/sindresorhus/strip-json-comments,未分析,
nodejs,strip-outer,https://github.com/sindresorhus/strip-outer,未分析,
nodejs,strnum,https://github.com/NaturalIntelligence/strnum,未分析,
nodejs,strong-type,https://github.com/RIAEvangelist/strong-type,未分析,
nodejs,strtok3,https://github.com/Borewit/strtok3,未分析,
nodejs,style-value-types,https://github.com/Popmotion/popmotion/tree/master,未分析,
nodejs,styled-components,https://github.com/styled-components/styled-components,未分析,
nodejs,stylis,https://github.com/thysultan/stylis.js,未分析,
nodejs,sub-events,https://github.com/vitaly-t/sub-events,未分析,
nodejs,sudo-prompt,https://github.com/jorangreef/sudo-prompt,未分析,
nodejs,sumchecker,https://github.com/malept/sumchecker,未分析,
nodejs,superagent,https://github.com/ladjs/superagent,未分析,
nodejs,supports-color,https://github.com/chalk/supports-color,未分析,
nodejs,supports-preserve-symlinks-flag,https://github.com/inspect-js/node-supports-preserve-symlinks-flag,未分析,
nodejs,suppressed-error,https://github.com/es-shims/SuppressedError,未分析,
nodejs,sver-compat,https://github.com/phated/sver-compat,未分析,
nodejs,svg-to-pdfkit,https://github.com/alafr/SVG-to-PDFKit,未分析,
nodejs,svgaplayerweb,https://github.com/yyued/SVGAPlayer-Web,未分析,
nodejs,swiper,https://github.com/nolimits4web/Swiper,未分析,
nodejs,symbol-observable,https://github.com/blesh/symbol-observable,未分析,
nodejs,table-layout,https://github.com/75lb/table-layout,未分析,
nodejs,tapable,https://github.com/webpack/tapable,未分析,
nodejs,tar,https://github.com/isaacs/node-tar,未分析,
nodejs,tar-fs,https://github.com/mafintosh/tar-fs,未分析,
nodejs,tar-stream,https://github.com/mafintosh/tar-stream,未分析,
nodejs,tdappdesktop,,未分析(无仓),
nodejs,temp,https://github.com/bruce/node-temp,未分析,
nodejs,tencentcloud-cls-sdk-js-web,https://https://github.com/TencentCloud/tencentcloud-cls-sdk-js,未分析,
nodejs,tencentcloud-sdk-nodejs,https://github.com/tencentcloud/tencentcloud-sdk-nodejs,未分析,
nodejs,text-decoder,https://github.com/holepunchto/text-decoder,未分析,
nodejs,text-hex,https://github.com/3rd-Eden/text-hex,未分析,
nodejs,text-segmentation,https://github.com/niklasvh/text-segmentation,未分析,
nodejs,tga-js,https://github.com/vthibault/tga.js,未分析,
nodejs,thenify,https://github.com/thenables/thenify,未分析,
nodejs,thenify-all,https://github.com/thenables/thenify-all,未分析,
nodejs,Three.js,,未分析(无仓),
nodejs,throttle,https://github.com/TooTallNate/node-throttle,未分析,
nodejs,throttle-debounce,https://github.com/niksy/throttle-debounce,未分析,
nodejs,throttleit,https://github.com/sindresorhus/throttleit,未分析,
nodejs,through,https://github.com/dominictarr/through,未分析,
nodejs,through2,https://github.com/rvagg/through2,未分析,
nodejs,through2-filter,https://github.com/brycebaril/through2-filter,未分析,
nodejs,thunkify,https://github.com/visionmedia/node-thunkify,未分析,
nodejs,thunky,https://github.com/mafintosh/thunky,未分析,
nodejs,time-stamp,https://github.com/jonschlinkert/time-stamp,未分析,
nodejs,timed-out,https://github.com/sindresorhus/timed-out,未分析,
nodejs,timers-browserify,https://github.com/jryans/timers-browserify,未分析,
nodejs,timers-ext,https://github.com/medikoo/timers-ext,未分析,
nodejs,timm,https://github.com/guigrpa/timm,未分析,
nodejs,tingyun-sdk,,未分析(无仓),
nodejs,tiny-each-async,https://github.com/alessioalex/tiny-each-async,未分析,
nodejs,tiny-inflate,https://github.com/devongovett/tiny-inflate,未分析,
nodejs,tiny-invariant,https://github.com/alexreardon/tiny-invariant,未分析,
nodejs,tiny-queue,https://github.com/nolanlawson/tiny-queue,未分析,
nodejs,tiny-typed-emitter,https://github.com/binier/tiny-typed-emitter,未分析,
nodejs,tiny-warning,https://github.com/alexreardon/tiny-warning,未分析,
nodejs,tinycolor2,https://github.com/bgrins/TinyColor,未分析,
nodejs,tinymce,https://github.com/tinymce/tinymce/tree/HEAD/modules/tinymce,未分析,
nodejs,tinyqueue,https://github.com/mourner/tinyqueue,未分析,
nodejs,tippy.js,https://github.com/atomiks/tippyjs,未分析,
nodejs,tldts,https://github.com/remusao/tldts,未分析,
nodejs,tldts-core,https://github.com/remusao/tldts,未分析,
nodejs,to-absolute-glob,https://github.com/jonschlinkert/to-absolute-glob,未分析,
nodejs,to-array,https://github.com/Raynos/to-array,未分析,
nodejs,to-arraybuffer,https://github.com/jhiesey/to-arraybuffer,未分析,
nodejs,to-buffer,https://github.com/browserify/to-buffer,未分析,
nodejs,to-data-view,https://github.com/LinusU/to-data-view,未分析,
nodejs,to-fast-properties,https://github.com/sindresorhus/to-fast-properties,未分析,
nodejs,to-object-path,https://github.com/jonschlinkert/to-object-path,未分析,
nodejs,to-readable-stream,https://github.com/sindresorhus/to-readable-stream,未分析,
nodejs,to-regex,https://github.com/jonschlinkert/to-regex,未分析,
nodejs,to-regex-range,https://github.com/micromatch/to-regex-range,未分析,
nodejs,to-through,https://github.com/gulpjs/to-through,未分析,
nodejs,toad-scheduler,https://github.com/kibertoad/toad-scheduler,未分析,
nodejs,todoeditor,,未分析(无仓),
nodejs,toggle-selection,https://github.com/sudodoki/toggle-selection,未分析,
nodejs,toidentifier,https://github.com/component/toidentifier,未分析,
nodejs,token-types,https://github.com/Borewit/token-types,未分析,
nodejs,tool-kflash-kendryte210,,未分析(无仓),
nodejs,toposort-class,https://github.com/gustavohenke/toposort,未分析,
nodejs,touch,https://github.com/isaacs/node-touch,未分析,
nodejs,tough-cookie,https://github.com/salesforce/tough-cookie,未分析,
nodejs,tr46,https://github.com/jsdom/tr46,未分析,
nodejs,trae-browser-inspect,,未分析(无仓),
nodejs,traverse,https://github.com/ljharb/js-traverse,未分析,
nodejs,trim-repeated,https://github.com/sindresorhus/trim-repeated,未分析,
nodejs,trim-right,https://github.com/sindresorhus/trim-right,未分析,
nodejs,triple-beam,https://github.com/winstonjs/triple-beam,未分析,
nodejs,trough,https://github.com/wooorm/trough,未分析,
nodejs,trtc-sdk-v5,https://github.com/LiteAVSDK/TRTC_Web,未分析,
nodejs,truncate-utf8-bytes,https://github.com/parshap/truncate-utf8-bytes,未分析,
nodejs,ts-interface-checker,https://github.com/gristlabs/ts-interface-checker,未分析,
nodejs,ts-loader,https://github.com/TypeStrong/ts-loader,未分析,
nodejs,ts-md5,https://github.com/cotag/ts-md5,未分析,
nodejs,ts-node,https://github.com/TypeStrong/ts-node,未分析,
nodejs,tslib,https://github.com/Microsoft/tslib,未分析,
nodejs,tslint,https://github.com/palantir/tslint,未分析,
nodejs,tslint-consistent-codestyle,https://github.com/ajafff/tslint-consistent-codestyle,未分析,
nodejs,tsscmp,https://github.com/suryagh/tsscmp,未分析,
nodejs,tsutils,https://github.com/ajafff/tsutils,未分析,
nodejs,tty-browserify,https://github.com/browserify/tty-browserify,未分析,
nodejs,tunnel,https://github.com/koichik/node-tunnel,未分析,
nodejs,tunnel-agent,https://github.com/mikeal/tunnel-agent,未分析,
nodejs,tutor-qoe-catalytic,,未分析(无仓),
nodejs,tweetnacl,https://github.com/dchest/tweetnacl-js,未分析,
nodejs,type,https://github.com/medikoo/type,未分析,
nodejs,type-check,https://github.com/gkz/type-check,未分析,
nodejs,type-detect,https://github.com/chaijs/type-detect,未分析,
nodejs,type-fest,https://github.com/sindresorhus/type-fest,未分析,
nodejs,type-is,https://github.com/jshttp/type-is,未分析,
nodejs,typechecker,https://github.com/bevry/typechecker,未分析,
nodejs,typed-array-buffer,https://github.com/inspect-js/typed-array-buffer,未分析,
nodejs,typed-array-byte-length,https://github.com/inspect-js/typed-array-byte-length,未分析,
nodejs,typed-array-byte-offset,https://github.com/inspect-js/typed-array-byte-offset,未分析,
nodejs,typed-array-length,https://github.com/inspect-js/typed-array-length,未分析,
nodejs,typed-emitter,https://github.com/andywer/typed-emitter,未分析,
nodejs,typedarray,https://github.com/es-shims/typedarray,未分析,
nodejs,typedarray-to-buffer,https://github.com/feross/typedarray-to-buffer,未分析,
nodejs,typedi,https://github.com/pleerock/typedi,未分析,
nodejs,typeorm,https://github.com/typeorm/typeorm,未分析,
nodejs,typescript,https://github.com/microsoft/TypeScript,未分析,
nodejs,typeson,https://github.com/dfahlander/typeson,未分析,
nodejs,typeson-registry,https://github.com/dfahlander/typeson-registry,未分析,
nodejs,typical,https://github.com/75lb/typical,未分析,
nodejs,ua-parser-js,https://github.com/faisalman/ua-parser-js,未分析,
nodejs,uglify-js,https://github.com/mishoo/UglifyJS,未分析,
nodejs,uglify-to-browserify,https://github.com/ForbesLindesay/uglify-to-browserify,未分析,
nodejs,uid-safe,https://github.com/crypto-utils/uid-safe,未分析,
nodejs,uint64be,https://github.com/mafintosh/uint64be,未分析,
nodejs,uint8array-extras,https://github.com/sindresorhus/uint8array-extras,未分析,
nodejs,ultron,https://github.com/unshiftio/ultron,未分析,
nodejs,umzug,https://github.com/sequelize/umzug,未分析,
nodejs,unbox-primitive,https://github.com/ljharb/unbox-primitive,未分析,
nodejs,unbzip2-stream,https://github.com/regular/unbzip2-stream,未分析,
nodejs,unc-path-regex,https://github.com/regexhq/unc-path-regex,未分析,
nodejs,underscore,https://github.com/jashkenas/underscore,未分析,
nodejs,undertaker,https://github.com/gulpjs/undertaker,未分析,
nodejs,undertaker-registry,https://github.com/gulpjs/undertaker-registry,未分析,
nodejs,undici-types,https://github.com/nodejs/undici,未分析,
nodejs,unescape,https://github.com/jonschlinkert/unescape,未分析,
nodejs,unicode,https://github.com/tdanecker/node-unicodetable,未分析,
nodejs,unicode-canonical-property-names-ecmascript,https://github.com/mathiasbynens/unicode-canonical-property-names-ecmascript,未分析,
nodejs,unicode-match-property-ecmascript,https://github.com/mathiasbynens/unicode-match-property-ecmascript,未分析,
nodejs,unicode-match-property-value-ecmascript,https://github.com/mathiasbynens/unicode-match-property-value-ecmascript,未分析,
nodejs,unicode-property-aliases-ecmascript,https://github.com/mathiasbynens/unicode-property-aliases-ecmascript,未分析,
nodejs,unified,https://github.com/unifiedjs/unified,未分析,
nodejs,union-value,https://github.com/jonschlinkert/union-value,未分析,
nodejs,uniq,https://github.com/mikolalysenko/uniq,未分析,
nodejs,unique-filename,https://github.com/npm/unique-filename,未分析,
nodejs,unique-slug,https://github.com/npm/unique-slug,未分析,
nodejs,unique-stream,https://github.com/eugeneware/unique-stream,未分析,
nodejs,unist-util-is,https://github.com/syntax-tree/unist-util-is,未分析,
nodejs,unist-util-remove-position,https://github.com/syntax-tree/unist-util-remove-position,未分析,
nodejs,unist-util-stringify-position,https://github.com/syntax-tree/unist-util-stringify-position,未分析,
nodejs,unist-util-visit,https://github.com/syntax-tree/unist-util-visit,未分析,
nodejs,unist-util-visit-parents,https://github.com/syntax-tree/unist-util-visit-parents,未分析,
nodejs,universalify,https://github.com/RyanZim/universalify,未分析,
nodejs,unpipe,https://github.com/stream-utils/unpipe,未分析,
nodejs,unset-value,https://github.com/jonschlinkert/unset-value,未分析,
nodejs,untildify,https://github.com/sindresorhus/untildify,未分析,
nodejs,unused-filename,https://github.com/sindresorhus/unused-filename,未分析,
nodejs,unzip-stream,https://github.com/mhr3/unzip-stream,未分析,
nodejs,unzipper,https://github.com/ZJONSSON/node-unzipper,未分析,
nodejs,upath,https://github.com/anodynos/upath,未分析,
nodejs,update-browserslist-db,https://github.com/browserslist/update-db,未分析,
nodejs,uri-js,https://github.com/garycourt/uri-js,未分析,
nodejs,uribuilder,https://github.com/XuPeiYao/uriBuilder,未分析,
nodejs,urix,https://github.com/lydell/urix,未分析,
nodejs,url,https://github.com/defunctzombie/node-url,未分析,
nodejs,url-parse,https://github.com/unshiftio/url-parse,未分析,
nodejs,url-parse-lax,https://github.com/sindresorhus/url-parse-lax,未分析,
nodejs,url-to-options,https://github.com/stevenvachon/url-to-options,未分析,
nodejs,urllib,https://github.com/node-modules/urllib,未分析,
nodejs,urlpattern-polyfill,https://github.com/kenchris/urlpattern-polyfill,未分析,
nodejs,use,https://github.com/jonschlinkert/use,未分析,
nodejs,use-memo-one,https://github.com/alexreardon/use-memo-one,未分析,
nodejs,use-sync-external-store,https://github.com/facebook/react/tree/HEAD/packages/use-sync-external-store,未分析,
nodejs,utf8-byte-length,https://github.com/parshap/utf8-byte-length,未分析,
nodejs,utif2,https://github.com/photopea/UTIF.js,未分析,
nodejs,util,https://github.com/browserify/node-util,未分析,
nodejs,util-deprecate,https://github.com/TooTallNate/util-deprecate,未分析,
nodejs,util.promisify,https://github.com/ljharb/util.promisify,未分析,
nodejs,utility,https://github.com/node-modules/utility,未分析,
nodejs,utils-merge,https://github.com/jaredhanson/utils-merge,未分析,
nodejs,utrie,https://github.com/niklasvh/utrie,未分析,
nodejs,uuid-parse,https://github.com/zefferus/uuid-parse,未分析,
nodejs,uuid-random,https://github.com/jchook/uuid-random,未分析,
nodejs,v-contextmenu,https://github.com/CyberNika/v-contextmenu,未分析,
nodejs,v8-compile-cache,https://github.com/zertosh/v8-compile-cache,未分析,
nodejs,v8-compile-cache-lib,https://github.com/cspotcode/v8-compile-cache-lib,未分析,
nodejs,v8flags,https://github.com/gulpjs/v8flags,未分析,
nodejs,validate-npm-package-license,https://github.com/kemitchell/validate-npm-package-license.js,未分析,
nodejs,validator,https://github.com/validatorjs/validator.js,未分析,
nodejs,value-equal,https://github.com/mjackson/value-equal,未分析,
nodejs,value-or-function,https://github.com/gulpjs/value-or-function,未分析,
nodejs,vary,https://github.com/jshttp/vary,未分析,
nodejs,vega,https://github.com/vega/vega,未分析,
nodejs,vega-embed,http://github.com/vega/vega-embed,未分析,
nodejs,vega-lite,https://github.com/vega/vega-lite,未分析,
nodejs,verror,https://github.com/joyent/node-verror,未分析,
nodejs,vfile,https://github.com/vfile/vfile,未分析,
nodejs,vfile-message,https://github.com/vfile/vfile-message,未分析,
nodejs,vinyl,https://github.com/gulpjs/vinyl,未分析,
nodejs,vinyl-fs,https://github.com/gulpjs/vinyl-fs,未分析,
nodejs,vinyl-sourcemap,https://github.com/gulpjs/vinyl-sourcemap,未分析,
nodejs,vite-plugin-require,https://github.com/wangzongming/vite-plugin-require,未分析,
nodejs,vm-browserify,https://github.com/substack/vm-browserify,未分析,
nodejs,vscode-debugprotocol,https://github.com/microsoft/vscode-debugadapter-node,未分析,
nodejs,vscode-languageserver,https://github.com/Microsoft/vscode-languageserver-node/tree/HEAD/server,未分析,
nodejs,vscode-languageserver-protocol,https://github.com/Microsoft/vscode-languageserver-node/tree/HEAD/protocol,未分析,
nodejs,vscode-regexpp,https://github.com/mysticatea/regexpp,未分析,
nodejs,vscode-tas-client,,未分析(无仓),
nodejs,vscode-uri,https://github.com/microsoft/vscode-uri,未分析,
nodejs,vue,https://github.com/vuejs/core,未分析,
nodejs,vue-amap,https://github.com/ElemeFE/vue-amap,未分析,
nodejs,vue-croppa,https://github.com/zhanziyang/vue-croppa,未分析,
nodejs,vue-demi,https://github.com/antfu/vue-demi,未分析,
nodejs,vue-dk-toast,https://github.com/Daniel-Knights/vue-dk-toast,未分析,
nodejs,vue-draggable-next,https://github.com/anish2690/vue-draggable-next,未分析,
nodejs,vue-electron,https://github.com/SimulatedGREG/vue-electron,未分析,
nodejs,vue-i18n,https://github.com/intlify/vue-i18n/tree/HEAD/packages/vue-i18n,未分析,
nodejs,vue-router,https://github.com/vuejs/router,未分析,
nodejs,vue-virtual-scroller,https://github.com/Akryum/vue-virtual-scroller,未分析,
nodejs,vue3-carousel,https://github.com/ismail9k/vue3-carousel,未分析,
nodejs,vue3-infinite-list,https://github.com/tnfe/vue3-infinite-list,未分析,
nodejs,vue3-lazyload,https://github.com/murongg/vue3-lazyload,未分析,
nodejs,vuedraggable,https://github.com/SortableJS/Vue.Draggable,未分析,
nodejs,vuex,https://github.com/vuejs/vuex,未分析,
nodejs,vuex-electron,https://github.com/vue-electron/vuex-electron,未分析,
nodejs,vuex-persistedstate,https://github.com/robinvdvleuten/vuex-persistedstate,未分析,
nodejs,vuvuzela,https://github.com/nolanlawson/vuvuzela,未分析,
nodejs,walk-sync,https://github.com/joliss/node-walk-sync,未分析,
nodejs,wangeditor,https://github.com/wangeditor-team/wangEditor,未分析,
nodejs,warning,https://github.com/BerkeleyTrue/warning,未分析,
nodejs,watchpack,https://github.com/webpack/watchpack,未分析,
nodejs,web-security,https://github.com/chandragithub/web-security,未分析,
nodejs,web-worker,https://github.com/developit/web-worker,未分析,
nodejs,webdriver,https://github.com/webdriverio/webdriverio/tree/HEAD/packages/webdriver,未分析,
nodejs,webextension-polyfill,https://github.com/mozilla/webextension-polyfill,未分析,
nodejs,webidl-conversions,https://github.com/jsdom/webidl-conversions,未分析,
nodejs,webpack-core,https://github.com/webpack/core,未分析,
nodejs,webrtc-adapter,https://github.com/webrtchacks/adapter,未分析,
nodejs,websocket,https://github.com/theturtle32/WebSocket-Node,未分析,
nodejs,whatwg-encoding,https://github.com/jsdom/whatwg-encoding,未分析,
nodejs,whatwg-fetch,https://github.com/github/fetch,未分析,
nodejs,whatwg-mimetype,https://github.com/jsdom/whatwg-mimetype,未分析,
nodejs,whatwg-url,https://github.com/jsdom/whatwg-url,未分析,
nodejs,which,https://github.com/npm/node-which,未分析,
nodejs,which-boxed-primitive,https://github.com/inspect-js/which-boxed-primitive,未分析,
nodejs,which-builtin-type,https://github.com/inspect-js/which-builtin-type,未分析,
nodejs,which-collection,https://github.com/inspect-js/which-collection,未分析,
nodejs,which-module,https://github.com/nexdrew/which-module,未分析,
nodejs,which-pm-runs,https://github.com/zkochan/packages/tree/main,未分析,
nodejs,which-typed-array,https://github.com/inspect-js/which-typed-array,未分析,
nodejs,wide-align,https://github.com/iarna/wide-align,未分析,
nodejs,wifi-name,https://github.com/kevva/wifi-name,未分析,
nodejs,win-release,https://github.com/sindresorhus/win-release,未分析,
nodejs,window-size,https://github.com/jonschlinkert/window-size,未分析,
nodejs,winston,https://github.com/winstonjs/winston,未分析,
nodejs,winston-daily-rotate-file,https://github.com/winstonjs/winston-daily-rotate-file,未分析,
nodejs,winston-transport,https://github.com/winstonjs/winston-transport,未分析,
nodejs,wkx,https://github.com/cschwarz/wkx,未分析,
nodejs,word-wrap,https://github.com/jonschlinkert/word-wrap,未分析,
nodejs,wordwrap,https://github.com/substack/node-wordwrap,未分析,
nodejs,wordwrapjs,https://github.com/75lb/wordwrapjs,未分析,
nodejs,wrap-ansi,https://github.com/chalk/wrap-ansi,未分析,
nodejs,wrap-ansi-cjs,,未分析(无仓),
nodejs,wrappy,https://github.com/npm/wrappy,未分析,
nodejs,write-file-atomic,https://github.com/npm/write-file-atomic,未分析,
nodejs,write-stream,https://github.com/Raynos/write-stream,未分析,
nodejs,ws,https://github.com/websockets/ws,未分析,
nodejs,wsl-utils,https://github.com/sindresorhus/wsl-utils,未分析,
nodejs,wwlocal,,未分析(无仓),
nodejs,wxwork_local_proto,,未分析(无仓),
nodejs,xbot-go-addon,,未分析(无仓),
nodejs,xbot-snippingtool,,未分析(无仓),
nodejs,xhr,https://github.com/naugtur/xhr,未分析,
nodejs,xiezuo,,未分析(无仓),
nodejs,xkt_qzk5_linux86,,未分析(无仓),
nodejs,xlsx,https://github.com/SheetJS/sheetjs,未分析,
nodejs,xml,https://github.com/dylang/node-xml,未分析,
nodejs,xml-js,https://github.com/nashwaan/xml-js,未分析,
nodejs,xml-parse-from-string,https://github.com/Jam3/xml-parse-from-string,未分析,
nodejs,xml-utils,https://github.com/DanielJDufour/xml-utils,未分析,
nodejs,xml2js,https://github.com/Leonidas-from-XIV/node-xml2js,未分析,
nodejs,xmlbuilder,https://github.com/oozcitak/xmlbuilder-js,未分析,
nodejs,xmlhttprequest,https://github.com/driverdan/node-XMLHttpRequest,未分析,
nodejs,xmlhttprequest-cookie,https://github.com/rse/node-xmlhttprequest-cookie,未分析,
nodejs,xmlhttprequest-ssl,https://github.com/mjwwit/node-XMLHttpRequest,未分析,
nodejs,xmljson,https://github.com/ExactTarget/node-xmljson,未分析,
nodejs,xpack,https://github.com/xpack/xpack-js,未分析,
nodejs,xregexp,https://github.com/slevithan/xregexp,未分析,
nodejs,xss,https://github.com/leizongmin/js-xss,未分析,
nodejs,xtend,https://github.com/Raynos/xtend,未分析,
nodejs,xterm,https://github.com/xtermjs/xterm.js,未分析,
nodejs,xterm-addon-search,https://github.com/xtermjs/xterm.js,未分析,
nodejs,xterm-addon-serialize,https://github.com/xtermjs/xterm.js,未分析,
nodejs,xterm-addon-unicode11,https://github.com/xtermjs/xterm.js,未分析,
nodejs,xterm-headless,https://github.com/xtermjs/xterm.js,未分析,
nodejs,y18n,https://github.com/yargs/y18n,未分析,
nodejs,yaeti,https://github.com/ibc/yaeti,未分析,
nodejs,yaku,https://github.com/ysmood/yaku,未分析,
nodejs,yallist,https://github.com/isaacs/yallist,未分析,
nodejs,yaml,https://github.com/eemeli/yaml,未分析,
nodejs,yargs,https://github.com/yargs/yargs,未分析,
nodejs,yargs-parser,https://github.com/yargs/yargs-parser,未分析,
nodejs,yauzl,https://github.com/thejoshwolfe/yauzl,未分析,
nodejs,yazl,https://github.com/thejoshwolfe/yazl,未分析,
nodejs,yeast,https://github.com/unshiftio/yeast,未分析,
nodejs,ylru,https://github.com/node-modules/ylru,未分析,
nodejs,yn,https://github.com/sindresorhus/yn,未分析,
nodejs,yocto-queue,https://github.com/sindresorhus/yocto-queue,未分析,
nodejs,yuv-buffer,https://github.com/bvibber/yuv-buffer,未分析,
nodejs,yuv-canvas,https://github.com/bvibber/yuv-canvas,未分析,
nodejs,yux-storage,https://github.com/yued-fe/yux-storage,未分析,
nodejs,z-schema,https://github.com/zaggino/z-schema,未分析,
nodejs,zego-zim-web,,未分析(无仓),
nodejs,zhkt_app_courseware_assistant,,未分析(无仓),
nodejs,zip-7z,,未分析(无仓),
nodejs,zip-stream,https://github.com/archiverjs/node-zip-stream,未分析,
nodejs,zod,https://github.com/colinhacks/zod,未分析,
nodejs,zod-to-json-schema,https://github.com/StefanTerdell/zod-to-json-schema,未分析,
nodejs,zrender,https://github.com/ecomfe/zrender,未分析,
nodejs,zwitch,https://github.com/wooorm/zwitch,未分析,
nodejs,ZwLisp,,未分析(无仓),
